timestamp,ip_address,method,page,status_code,country,job_type,request_type
2025-01-08 15:21:22,51.119.166.187,GET,/event.php,304,FR,AI Integration,Promotional Event
2025-03-25 02:37:01,192.80.154.202,GET,/contact.php,200,US,None,Other
2025-01-25 18:47:27,199.178.109.90,GET,/prototype.php,404,US,Consulting,Prototyping Solution
2025-01-01 10:01:50,65.117.7.239,GET,/contact.php,304,JP,None,Other
2025-02-09 03:11:07,152.213.113.30,GET,/virtualassistant.php,404,BR,AI Integration,Virtual Assistant
2025-02-24 14:10:02,47.235.178.119,GET,/virtualassistant.php,304,UK,AI Integration,Virtual Assistant
2025-01-13 12:36:25,86.243.136.213,GET,/event.php,404,CA,Software Assistance,Promotional Event
2025-01-27 11:50:29,159.148.131.239,GET,/scheduledemo.php,404,CA,Consulting,Scheduled Demo
2025-02-21 09:12:51,170.209.230.172,GET,/prototype.php,200,US,Custom Development,Prototyping Solution
2025-03-18 00:35:07,28.23.223.136,GET,/virtualassistant.php,404,IN,Software Assistance,Virtual Assistant
2025-02-07 09:33:27,104.129.164.91,GET,/contact.php,304,IN,None,Other
2025-03-05 08:28:13,72.119.147.116,GET,/prototype.php,304,UK,AI Integration,Prototyping Solution
2025-01-25 10:55:10,98.136.9.194,GET,/contact.php,200,DE,None,Other
2025-03-09 21:34:16,120.28.248.137,GET,/contact.php,304,CN,None,Other
2025-03-31 22:55:59,6.38.222.216,GET,/index.html,200,BR,None,Other
2025-02-03 15:30:15,184.84.69.50,GET,/contact.php,200,CA,None,Other
2025-01-27 00:54:44,45.117.77.199,GET,/index.html,404,AU,None,Other
2025-02-19 18:39:57,141.52.41.147,GET,/index.html,304,US,None,Other
2025-03-10 17:05:59,214.33.13.109,GET,/prototype.php,304,IN,AI Integration,Prototyping Solution
2025-03-30 16:03:51,180.6.186.239,GET,/index.html,304,CN,None,Other
2025-02-22 21:49:12,23.147.210.171,GET,/index.html,304,CN,None,Other
2025-03-06 13:27:10,203.102.31.26,GET,/contact.php,404,CA,None,Other
2025-01-10 05:34:17,220.42.130.44,GET,/index.html,404,CN,None,Other
2025-02-10 15:03:28,157.94.26.1,GET,/contact.php,200,US,None,Other
2025-01-09 00:31:48,159.33.241.234,GET,/virtualassistant.php,404,CN,Custom Development,Virtual Assistant
2025-03-11 11:35:00,197.126.120.181,GET,/scheduledemo.php,200,AU,Consulting,Scheduled Demo
2025-02-15 21:47:29,192.221.17.206,GET,/contact.php,304,JP,None,Other
2025-03-25 00:46:58,153.229.60.4,GET,/contact.php,200,IN,None,Other
2025-02-06 03:37:00,208.158.222.56,GET,/scheduledemo.php,200,CN,Consulting,Scheduled Demo
2025-01-07 15:48:31,151.208.100.65,GET,/scheduledemo.php,200,CN,Consulting,Scheduled Demo
2025-03-29 17:15:17,105.105.73.180,GET,/contact.php,304,BR,None,Other
2025-03-04 08:50:51,146.122.206.170,GET,/scheduledemo.php,200,UK,Consulting,Scheduled Demo
2025-02-26 17:27:55,189.214.96.183,GET,/prototype.php,304,US,AI Integration,Prototyping Solution
2025-03-09 02:08:14,36.120.173.37,GET,/prototype.php,200,US,AI Integration,Prototyping Solution
2025-03-20 03:21:29,56.247.60.140,GET,/event.php,304,CN,Consulting,Promotional Event
2025-01-17 13:58:07,71.206.255.220,GET,/index.html,304,BR,None,Other
2025-03-24 18:51:12,162.215.208.245,GET,/event.php,304,DE,Software Assistance,Promotional Event
2025-03-20 08:33:05,28.30.161.166,GET,/event.php,304,DE,Consulting,Promotional Event
2025-03-03 06:08:49,56.131.73.77,GET,/scheduledemo.php,304,AU,Custom Development,Scheduled Demo
2025-03-09 22:17:46,52.67.148.46,GET,/event.php,304,US,Custom Development,Promotional Event
2025-01-28 00:55:19,90.8.63.80,GET,/scheduledemo.php,404,DE,AI Integration,Scheduled Demo
2025-02-10 23:00:04,103.60.41.240,GET,/contact.php,404,DE,None,Other
2025-03-03 19:24:28,149.153.224.153,GET,/event.php,404,JP,Consulting,Promotional Event
2025-01-24 05:30:58,146.112.94.228,GET,/prototype.php,304,CA,Custom Development,Prototyping Solution
2025-03-19 21:18:41,84.205.106.26,GET,/event.php,404,IN,AI Integration,Promotional Event
2025-03-18 12:50:09,77.59.124.176,GET,/prototype.php,304,US,Consulting,Prototyping Solution
2025-01-25 23:01:01,14.82.242.126,GET,/contact.php,304,BR,None,Other
2025-01-08 21:09:02,15.242.209.60,GET,/scheduledemo.php,304,AU,Custom Development,Scheduled Demo
2025-02-07 12:04:33,177.65.243.51,GET,/index.html,404,FR,None,Other
2025-02-02 02:02:34,166.248.22.149,GET,/event.php,404,CN,Consulting,Promotional Event
2025-01-12 14:37:04,204.166.0.62,GET,/index.html,304,AU,None,Other
2025-02-11 02:28:51,211.186.37.22,GET,/contact.php,304,CA,None,Other
2025-01-14 14:07:16,68.232.61.166,GET,/virtualassistant.php,304,FR,Consulting,Virtual Assistant
2025-03-30 01:35:13,40.210.66.227,GET,/prototype.php,404,DE,Software Assistance,Prototyping Solution
2025-02-25 01:46:14,29.98.147.101,GET,/index.html,304,US,None,Other
2025-03-13 13:46:50,101.69.54.115,GET,/event.php,304,IN,Software Assistance,Promotional Event
2025-01-03 15:26:03,213.43.80.41,GET,/index.html,404,FR,None,Other
2025-02-02 18:31:10,89.156.85.0,GET,/prototype.php,404,CA,AI Integration,Prototyping Solution
2025-02-10 05:28:33,42.212.91.27,GET,/index.html,200,JP,None,Other
2025-03-04 02:38:58,152.130.170.49,GET,/index.html,404,CN,None,Other
2025-01-22 01:53:17,75.101.249.51,GET,/scheduledemo.php,200,CA,Custom Development,Scheduled Demo
2025-03-18 02:36:25,21.236.152.169,GET,/contact.php,404,US,None,Other
2025-02-08 14:18:23,153.21.87.70,GET,/scheduledemo.php,304,IN,Custom Development,Scheduled Demo
2025-02-13 09:45:25,194.155.192.211,GET,/event.php,200,US,Custom Development,Promotional Event
2025-01-27 07:37:24,115.224.247.22,GET,/contact.php,404,IN,None,Other
2025-02-22 21:02:36,203.95.64.79,GET,/virtualassistant.php,404,IN,Software Assistance,Virtual Assistant
2025-01-03 05:48:06,61.47.132.164,GET,/virtualassistant.php,404,CN,Consulting,Virtual Assistant
2025-03-20 19:18:29,178.151.33.220,GET,/scheduledemo.php,200,UK,Custom Development,Scheduled Demo
2025-01-13 11:39:36,191.221.141.245,GET,/virtualassistant.php,200,UK,Software Assistance,Virtual Assistant
2025-02-19 04:01:00,163.202.107.17,GET,/event.php,304,FR,Consulting,Promotional Event
2025-02-20 20:41:22,46.226.81.160,GET,/prototype.php,404,DE,AI Integration,Prototyping Solution
2025-03-24 11:31:18,138.122.55.95,GET,/index.html,304,CN,None,Other
2025-03-10 02:42:59,212.70.151.253,GET,/prototype.php,304,FR,Consulting,Prototyping Solution
2025-01-08 08:23:07,212.168.43.8,GET,/prototype.php,404,DE,Software Assistance,Prototyping Solution
2025-01-20 05:01:14,26.145.231.184,GET,/scheduledemo.php,404,AU,Software Assistance,Scheduled Demo
2025-02-26 10:12:38,195.18.221.116,GET,/contact.php,200,CA,None,Other
2025-03-03 17:56:41,89.127.112.146,GET,/contact.php,304,US,None,Other
2025-02-08 16:42:24,114.202.231.202,GET,/prototype.php,304,FR,Consulting,Prototyping Solution
2025-03-06 02:58:36,123.166.134.87,GET,/prototype.php,404,IN,Consulting,Prototyping Solution
2025-01-20 05:55:23,113.147.30.53,GET,/event.php,304,CA,Software Assistance,Promotional Event
2025-03-25 06:12:02,165.117.150.158,GET,/contact.php,200,FR,None,Other
2025-03-10 15:06:27,199.141.145.210,GET,/virtualassistant.php,200,AU,Software Assistance,Virtual Assistant
2025-02-12 10:47:24,156.173.204.122,GET,/contact.php,200,CA,None,Other
2025-01-17 03:47:49,151.80.82.184,GET,/virtualassistant.php,404,BR,Software Assistance,Virtual Assistant
2025-01-05 20:21:11,153.141.89.205,GET,/event.php,200,AU,Custom Development,Promotional Event
2025-03-16 04:02:35,37.209.125.223,GET,/index.html,304,IN,None,Other
2025-01-26 14:22:49,176.229.152.163,GET,/scheduledemo.php,200,CA,AI Integration,Scheduled Demo
2025-01-23 10:29:43,89.65.36.177,GET,/virtualassistant.php,304,JP,Consulting,Virtual Assistant
2025-01-10 17:34:33,160.4.159.13,GET,/contact.php,200,CA,None,Other
2025-02-28 03:43:12,122.40.100.107,GET,/scheduledemo.php,404,UK,AI Integration,Scheduled Demo
2025-03-14 01:41:04,20.182.130.235,GET,/index.html,200,FR,None,Other
2025-02-09 06:16:07,220.86.115.245,GET,/contact.php,200,CA,None,Other
2025-01-09 04:02:29,124.60.137.59,GET,/contact.php,304,JP,None,Other
2025-03-25 09:19:12,177.221.48.30,GET,/prototype.php,304,JP,Software Assistance,Prototyping Solution
2025-01-09 10:53:58,89.95.235.133,GET,/scheduledemo.php,304,IN,Software Assistance,Scheduled Demo
2025-03-29 09:15:38,83.11.27.253,GET,/index.html,404,CN,None,Other
2025-02-19 14:10:23,10.150.109.231,GET,/index.html,404,JP,None,Other
2025-01-14 10:32:37,101.239.180.157,GET,/prototype.php,304,FR,AI Integration,Prototyping Solution
2025-03-06 21:05:28,7.174.145.166,GET,/virtualassistant.php,404,UK,AI Integration,Virtual Assistant
2025-03-15 21:26:43,183.197.221.22,GET,/contact.php,404,FR,None,Other
2025-01-15 11:00:34,14.132.190.28,GET,/scheduledemo.php,404,IN,AI Integration,Scheduled Demo
2025-01-21 08:21:16,175.25.139.185,GET,/event.php,304,JP,Custom Development,Promotional Event
2025-02-22 10:14:04,15.157.221.146,GET,/contact.php,304,AU,None,Other
2025-03-17 01:45:02,88.13.152.149,GET,/scheduledemo.php,304,CN,Consulting,Scheduled Demo
2025-02-24 01:19:04,3.20.125.30,GET,/index.html,304,AU,None,Other
2025-03-25 07:31:31,183.208.152.132,GET,/event.php,200,US,AI Integration,Promotional Event
2025-03-10 22:25:21,109.92.81.255,GET,/virtualassistant.php,404,BR,AI Integration,Virtual Assistant
2025-01-02 22:57:14,123.182.87.158,GET,/event.php,404,JP,Software Assistance,Promotional Event
2025-03-27 19:16:40,192.152.98.38,GET,/index.html,304,UK,None,Other
2025-02-04 10:02:24,154.132.103.166,GET,/index.html,200,BR,None,Other
2025-02-06 20:38:33,161.135.221.1,GET,/scheduledemo.php,200,UK,Software Assistance,Scheduled Demo
2025-03-17 02:07:51,144.150.204.55,GET,/index.html,304,FR,None,Other
2025-03-14 15:56:37,89.28.80.0,GET,/scheduledemo.php,200,US,AI Integration,Scheduled Demo
2025-01-15 14:26:22,162.111.3.185,GET,/scheduledemo.php,404,AU,Software Assistance,Scheduled Demo
2025-03-23 05:29:20,58.200.100.250,GET,/event.php,200,CA,Consulting,Promotional Event
2025-03-22 04:38:45,211.168.251.197,GET,/virtualassistant.php,200,CN,Software Assistance,Virtual Assistant
2025-02-25 11:01:57,28.156.155.101,GET,/event.php,304,BR,Consulting,Promotional Event
2025-02-15 20:08:05,48.191.70.188,GET,/contact.php,404,FR,None,Other
2025-02-07 17:58:30,11.203.149.72,GET,/prototype.php,404,DE,AI Integration,Prototyping Solution
2025-02-21 20:12:32,194.193.67.173,GET,/virtualassistant.php,304,CA,Consulting,Virtual Assistant
2025-03-20 11:00:08,205.113.113.20,GET,/index.html,304,CN,None,Other
2025-01-02 05:50:36,34.54.47.221,GET,/contact.php,404,FR,None,Other
2025-02-18 05:03:20,48.23.112.7,GET,/scheduledemo.php,304,AU,Software Assistance,Scheduled Demo
2025-03-04 13:49:17,54.140.221.194,GET,/index.html,404,US,None,Other
2025-01-29 09:49:30,41.196.3.137,GET,/virtualassistant.php,304,DE,AI Integration,Virtual Assistant
2025-03-24 07:34:10,141.112.33.108,GET,/virtualassistant.php,200,FR,AI Integration,Virtual Assistant
2025-01-28 10:34:17,102.136.57.173,GET,/scheduledemo.php,200,CA,Consulting,Scheduled Demo
2025-02-16 21:16:03,141.1.226.83,GET,/prototype.php,404,JP,Custom Development,Prototyping Solution
2025-02-03 22:51:45,40.25.227.140,GET,/scheduledemo.php,200,CN,Software Assistance,Scheduled Demo
2025-02-21 09:47:06,114.53.212.88,GET,/event.php,404,CA,Consulting,Promotional Event
2025-03-16 11:02:07,180.177.82.200,GET,/event.php,404,CN,Custom Development,Promotional Event
2025-02-17 00:47:14,20.164.205.98,GET,/event.php,200,FR,Software Assistance,Promotional Event
2025-03-28 18:28:06,157.4.175.32,GET,/scheduledemo.php,200,CN,AI Integration,Scheduled Demo
2025-03-13 16:15:27,32.92.84.241,GET,/index.html,304,CA,None,Other
2025-02-03 12:12:27,107.95.57.127,GET,/event.php,200,FR,AI Integration,Promotional Event
2025-03-01 23:28:41,8.216.105.226,GET,/event.php,304,UK,Custom Development,Promotional Event
2025-02-28 16:13:53,155.168.12.169,GET,/index.html,304,CA,None,Other
2025-01-14 12:16:05,9.228.111.8,GET,/event.php,200,FR,Consulting,Promotional Event
2025-03-04 15:58:05,170.59.104.35,GET,/prototype.php,200,DE,Consulting,Prototyping Solution
2025-03-31 09:35:34,87.188.19.20,GET,/virtualassistant.php,404,DE,Software Assistance,Virtual Assistant
2025-01-02 23:17:43,178.245.221.212,GET,/index.html,200,BR,None,Other
2025-01-13 17:23:38,23.239.236.63,GET,/scheduledemo.php,404,AU,Consulting,Scheduled Demo
2025-01-17 00:05:53,117.3.103.189,GET,/prototype.php,304,UK,AI Integration,Prototyping Solution
2025-01-29 10:32:01,92.78.23.234,GET,/index.html,200,US,None,Other
2025-01-19 23:15:30,126.27.173.4,GET,/scheduledemo.php,304,US,Consulting,Scheduled Demo
2025-03-19 11:17:44,219.203.49.137,GET,/contact.php,404,AU,None,Other
2025-02-13 05:57:22,114.105.54.94,GET,/virtualassistant.php,304,CN,Custom Development,Virtual Assistant
2025-03-29 12:17:30,78.72.194.199,GET,/scheduledemo.php,404,UK,AI Integration,Scheduled Demo
2025-01-15 05:52:18,125.243.63.203,GET,/prototype.php,200,US,Consulting,Prototyping Solution
2025-01-18 13:29:41,122.229.155.180,GET,/scheduledemo.php,304,IN,Software Assistance,Scheduled Demo
2025-03-12 23:44:02,87.194.213.76,GET,/prototype.php,200,UK,Consulting,Prototyping Solution
2025-01-14 15:45:16,81.40.55.75,GET,/scheduledemo.php,200,FR,AI Integration,Scheduled Demo
2025-02-25 02:20:14,208.202.128.150,GET,/virtualassistant.php,404,DE,Consulting,Virtual Assistant
2025-02-27 23:54:53,22.227.167.101,GET,/event.php,200,CA,Custom Development,Promotional Event
2025-01-13 12:27:02,36.3.37.127,GET,/scheduledemo.php,404,US,Software Assistance,Scheduled Demo
2025-03-21 20:15:55,100.15.202.213,GET,/scheduledemo.php,304,BR,AI Integration,Scheduled Demo
2025-01-14 22:14:30,197.152.149.172,GET,/virtualassistant.php,304,US,Custom Development,Virtual Assistant
2025-01-01 19:16:14,37.194.247.141,GET,/contact.php,404,DE,None,Other
2025-02-15 07:14:56,5.29.32.153,GET,/prototype.php,404,UK,Software Assistance,Prototyping Solution
2025-03-05 06:59:20,141.168.33.39,GET,/virtualassistant.php,200,CN,AI Integration,Virtual Assistant
2025-01-25 23:01:43,221.79.209.171,GET,/event.php,304,AU,Consulting,Promotional Event
2025-01-01 11:23:36,8.67.119.109,GET,/index.html,200,UK,None,Other
2025-03-30 05:47:03,75.238.24.92,GET,/event.php,404,JP,Consulting,Promotional Event
2025-03-16 01:37:05,67.231.135.192,GET,/contact.php,200,UK,None,Other
2025-01-06 00:16:10,133.142.95.7,GET,/index.html,404,AU,None,Other
2025-03-28 11:13:21,59.168.5.189,GET,/event.php,404,DE,Software Assistance,Promotional Event
2025-03-17 22:43:29,166.117.174.128,GET,/event.php,200,FR,Custom Development,Promotional Event
2025-01-08 18:48:04,154.178.158.211,GET,/virtualassistant.php,200,FR,Custom Development,Virtual Assistant
2025-01-19 13:48:14,136.148.225.33,GET,/prototype.php,304,DE,Consulting,Prototyping Solution
2025-03-31 00:12:39,82.173.151.44,GET,/event.php,200,JP,Custom Development,Promotional Event
2025-02-08 18:58:04,11.172.232.66,GET,/contact.php,404,DE,None,Other
2025-01-26 16:50:24,92.125.106.181,GET,/event.php,304,JP,Custom Development,Promotional Event
2025-01-22 18:17:04,215.186.43.2,GET,/scheduledemo.php,304,IN,Custom Development,Scheduled Demo
2025-02-12 22:21:37,117.251.165.244,GET,/contact.php,200,CN,None,Other
2025-02-17 10:33:10,171.214.103.174,GET,/virtualassistant.php,200,FR,Consulting,Virtual Assistant
2025-02-01 06:45:43,48.235.121.48,GET,/contact.php,200,IN,None,Other
2025-03-29 02:28:58,88.11.138.127,GET,/virtualassistant.php,200,JP,Software Assistance,Virtual Assistant
2025-02-28 20:12:55,41.152.92.228,GET,/event.php,304,JP,Custom Development,Promotional Event
2025-03-08 17:40:07,1.145.93.121,GET,/scheduledemo.php,404,FR,Custom Development,Scheduled Demo
2025-01-04 15:38:40,56.249.216.226,GET,/contact.php,404,IN,None,Other
2025-01-30 13:23:14,23.70.210.28,GET,/index.html,200,UK,None,Other
2025-02-08 03:31:47,66.166.145.233,GET,/prototype.php,304,AU,AI Integration,Prototyping Solution
2025-03-22 20:21:08,56.147.131.35,GET,/event.php,200,UK,Consulting,Promotional Event
2025-02-12 20:55:59,142.116.124.15,GET,/index.html,304,UK,None,Other
2025-01-26 06:51:01,32.131.127.90,GET,/prototype.php,200,FR,Software Assistance,Prototyping Solution
2025-02-18 19:20:52,102.49.208.84,GET,/scheduledemo.php,200,FR,AI Integration,Scheduled Demo
2025-01-02 03:18:58,139.61.111.147,GET,/index.html,200,CA,None,Other
2025-02-27 11:14:17,173.95.8.234,GET,/index.html,200,AU,None,Other
2025-02-04 12:04:48,157.180.136.136,GET,/event.php,304,DE,Consulting,Promotional Event
2025-02-07 22:57:02,66.119.6.253,GET,/event.php,404,JP,Consulting,Promotional Event
2025-03-11 10:21:32,78.26.38.77,GET,/event.php,200,IN,Custom Development,Promotional Event
2025-01-28 09:37:50,142.73.122.244,GET,/prototype.php,404,FR,Software Assistance,Prototyping Solution
2025-01-24 15:24:03,18.66.133.212,GET,/index.html,304,JP,None,Other
2025-02-13 06:48:06,53.15.45.61,GET,/index.html,304,CN,None,Other
2025-02-16 10:03:49,150.6.7.185,GET,/prototype.php,200,AU,Software Assistance,Prototyping Solution
2025-03-24 12:05:34,2.247.34.146,GET,/prototype.php,304,US,AI Integration,Prototyping Solution
2025-02-11 02:58:00,195.248.22.184,GET,/event.php,404,FR,Custom Development,Promotional Event
2025-02-01 02:05:04,141.249.217.39,GET,/prototype.php,200,CA,Software Assistance,Prototyping Solution
2025-03-22 09:01:58,7.248.118.24,GET,/index.html,200,BR,None,Other
2025-01-08 18:17:50,114.250.32.145,GET,/contact.php,404,JP,None,Other
2025-02-23 19:41:16,205.92.116.63,GET,/prototype.php,404,CA,Consulting,Prototyping Solution
2025-02-07 23:09:28,112.207.109.59,GET,/contact.php,200,AU,None,Other
2025-02-28 22:03:50,126.112.97.179,GET,/virtualassistant.php,404,AU,AI Integration,Virtual Assistant
2025-01-03 17:48:02,17.68.208.7,GET,/event.php,404,CA,AI Integration,Promotional Event
2025-01-14 17:26:20,111.187.248.18,GET,/event.php,304,UK,AI Integration,Promotional Event
2025-02-18 00:41:54,6.46.200.8,GET,/index.html,404,CA,None,Other
2025-01-29 14:32:12,18.89.45.19,GET,/virtualassistant.php,304,FR,Consulting,Virtual Assistant
2025-01-15 13:47:17,192.243.151.60,GET,/virtualassistant.php,200,US,AI Integration,Virtual Assistant
2025-01-26 13:14:44,41.115.254.174,GET,/event.php,200,BR,Consulting,Promotional Event
2025-01-30 23:59:28,128.105.154.10,GET,/scheduledemo.php,200,FR,AI Integration,Scheduled Demo
2025-02-05 04:59:48,210.215.219.39,GET,/prototype.php,200,FR,Software Assistance,Prototyping Solution
2025-01-15 21:29:17,28.172.104.180,GET,/index.html,304,JP,None,Other
2025-02-21 02:04:08,129.178.41.237,GET,/contact.php,200,UK,None,Other
2025-01-20 19:16:26,66.54.136.91,GET,/prototype.php,404,CN,Custom Development,Prototyping Solution
2025-02-01 12:24:19,160.96.164.8,GET,/virtualassistant.php,404,CA,AI Integration,Virtual Assistant
2025-03-03 06:35:05,47.169.42.59,GET,/index.html,404,IN,None,Other
2025-02-24 19:33:21,129.4.173.253,GET,/contact.php,304,UK,None,Other
2025-03-06 09:21:12,65.144.8.255,GET,/scheduledemo.php,304,JP,Software Assistance,Scheduled Demo
2025-03-09 16:03:05,70.171.66.183,GET,/virtualassistant.php,304,IN,AI Integration,Virtual Assistant
2025-03-22 03:34:25,149.169.115.150,GET,/scheduledemo.php,200,CN,Software Assistance,Scheduled Demo
2025-01-05 16:23:10,70.110.20.92,GET,/scheduledemo.php,304,DE,Consulting,Scheduled Demo
2025-03-09 18:19:56,17.24.79.141,GET,/prototype.php,404,FR,Consulting,Prototyping Solution
2025-03-21 04:37:13,58.191.251.179,GET,/scheduledemo.php,200,DE,AI Integration,Scheduled Demo
2025-03-16 22:30:49,162.67.205.150,GET,/contact.php,304,AU,None,Other
2025-01-31 02:25:45,218.72.212.154,GET,/prototype.php,404,AU,Software Assistance,Prototyping Solution
2025-03-12 17:03:30,21.99.118.255,GET,/virtualassistant.php,200,JP,Software Assistance,Virtual Assistant
2025-02-25 03:54:57,169.237.158.248,GET,/event.php,200,DE,Software Assistance,Promotional Event
2025-02-24 12:23:34,68.244.121.11,GET,/scheduledemo.php,404,UK,Consulting,Scheduled Demo
2025-02-16 13:04:51,24.101.86.39,GET,/index.html,304,AU,None,Other
2025-03-30 10:54:55,23.3.59.12,GET,/prototype.php,304,JP,Consulting,Prototyping Solution
2025-03-03 03:22:47,96.158.215.220,GET,/index.html,200,CA,None,Other
2025-02-03 04:31:17,104.213.56.157,GET,/event.php,404,DE,Software Assistance,Promotional Event
2025-03-19 02:40:35,57.61.163.255,GET,/index.html,200,DE,None,Other
2025-01-16 01:48:32,67.134.48.171,GET,/index.html,200,CA,None,Other
2025-03-31 12:34:40,185.231.179.7,GET,/prototype.php,404,JP,Custom Development,Prototyping Solution
2025-02-18 05:34:12,209.93.212.98,GET,/scheduledemo.php,404,IN,Software Assistance,Scheduled Demo
2025-01-10 23:04:11,16.64.110.164,GET,/contact.php,304,FR,None,Other
2025-02-08 04:46:28,112.65.46.83,GET,/event.php,200,UK,Consulting,Promotional Event
2025-03-19 18:49:56,216.144.134.22,GET,/index.html,304,CN,None,Other
2025-03-20 19:55:53,7.128.204.79,GET,/event.php,404,CN,AI Integration,Promotional Event
2025-03-15 20:36:54,129.112.247.105,GET,/index.html,304,US,None,Other
2025-01-08 04:21:29,63.102.82.98,GET,/index.html,200,US,None,Other
2025-03-01 03:01:07,188.136.174.62,GET,/index.html,304,US,None,Other
2025-01-18 22:32:47,68.242.182.67,GET,/contact.php,200,IN,None,Other
2025-01-19 03:37:00,186.118.186.106,GET,/virtualassistant.php,304,BR,Custom Development,Virtual Assistant
2025-01-04 18:52:09,219.88.60.15,GET,/event.php,304,US,AI Integration,Promotional Event
2025-02-19 11:27:55,85.207.20.186,GET,/index.html,304,CN,None,Other
2025-02-02 21:42:56,217.131.2.147,GET,/virtualassistant.php,200,IN,AI Integration,Virtual Assistant
2025-03-31 14:34:05,14.90.164.37,GET,/prototype.php,200,AU,Consulting,Prototyping Solution
2025-01-22 09:09:19,212.128.22.144,GET,/virtualassistant.php,200,DE,Software Assistance,Virtual Assistant
2025-02-19 10:07:16,190.61.165.73,GET,/event.php,304,US,Consulting,Promotional Event
2025-03-02 05:17:46,11.193.39.203,GET,/contact.php,304,FR,None,Other
2025-01-07 00:49:53,181.90.121.179,GET,/index.html,404,AU,None,Other
2025-01-08 02:35:50,152.54.14.228,GET,/prototype.php,200,CA,Consulting,Prototyping Solution
2025-03-08 08:29:29,121.188.39.5,GET,/index.html,404,AU,None,Other
2025-01-26 12:17:24,33.125.250.158,GET,/scheduledemo.php,200,IN,Software Assistance,Scheduled Demo
2025-03-01 11:49:13,178.205.50.152,GET,/virtualassistant.php,404,CN,Consulting,Virtual Assistant
2025-01-01 14:55:22,22.200.28.20,GET,/scheduledemo.php,200,BR,AI Integration,Scheduled Demo
2025-01-11 05:53:06,191.206.237.239,GET,/virtualassistant.php,304,CA,Consulting,Virtual Assistant
2025-03-06 12:23:36,71.35.52.126,GET,/event.php,404,IN,Software Assistance,Promotional Event
2025-03-29 23:28:07,119.117.57.122,GET,/prototype.php,200,DE,Software Assistance,Prototyping Solution
2025-03-25 10:05:54,100.42.35.229,GET,/index.html,304,UK,None,Other
2025-02-20 22:48:24,12.108.144.64,GET,/event.php,304,FR,Software Assistance,Promotional Event
2025-01-12 22:24:15,201.164.207.100,GET,/contact.php,404,US,None,Other
2025-03-25 08:56:58,174.91.124.6,GET,/contact.php,404,FR,None,Other
2025-02-10 09:06:58,77.65.214.185,GET,/contact.php,304,FR,None,Other
2025-03-20 18:03:01,4.247.215.1,GET,/contact.php,304,FR,None,Other
2025-03-10 15:07:11,6.75.231.94,GET,/scheduledemo.php,304,IN,AI Integration,Scheduled Demo
2025-01-07 18:33:03,152.129.27.234,GET,/prototype.php,200,CN,Custom Development,Prototyping Solution
2025-02-12 09:54:03,125.165.0.247,GET,/index.html,304,DE,None,Other
2025-02-22 08:12:55,112.64.21.218,GET,/virtualassistant.php,304,BR,Custom Development,Virtual Assistant
2025-01-24 13:35:34,60.240.225.104,GET,/contact.php,304,BR,None,Other
2025-02-23 12:21:12,54.72.210.158,GET,/scheduledemo.php,404,CN,Consulting,Scheduled Demo
2025-01-21 00:23:00,151.116.221.38,GET,/event.php,200,BR,AI Integration,Promotional Event
2025-02-22 15:43:20,199.255.220.63,GET,/index.html,200,UK,None,Other
2025-02-19 01:29:35,214.163.39.93,GET,/contact.php,404,AU,None,Other
2025-03-25 09:42:57,208.220.239.85,GET,/scheduledemo.php,404,IN,AI Integration,Scheduled Demo
2025-01-21 14:04:19,151.53.20.53,GET,/contact.php,200,FR,None,Other
2025-03-10 07:32:27,99.30.1.99,GET,/index.html,304,FR,None,Other
2025-01-20 10:48:10,81.60.81.106,GET,/index.html,404,AU,None,Other
2025-01-15 17:48:46,161.89.115.113,GET,/prototype.php,200,CN,Consulting,Prototyping Solution
2025-02-11 06:46:30,208.239.118.2,GET,/event.php,304,BR,AI Integration,Promotional Event
2025-02-22 23:05:10,133.203.29.161,GET,/index.html,304,IN,None,Other
2025-01-14 00:32:39,26.198.211.42,GET,/prototype.php,404,US,Custom Development,Prototyping Solution
2025-03-17 16:17:14,85.254.255.6,GET,/index.html,200,UK,None,Other
2025-01-23 21:28:38,183.213.213.74,GET,/event.php,200,CN,Software Assistance,Promotional Event
2025-01-03 17:38:08,116.98.125.74,GET,/prototype.php,404,CA,Consulting,Prototyping Solution
2025-01-22 21:39:50,128.237.66.66,GET,/scheduledemo.php,200,UK,AI Integration,Scheduled Demo
2025-03-31 02:52:21,69.47.233.70,GET,/index.html,404,DE,None,Other
2025-01-08 20:42:17,56.138.192.246,GET,/index.html,200,UK,None,Other
2025-01-04 04:56:48,187.132.157.32,GET,/contact.php,304,UK,None,Other
2025-03-26 21:05:59,76.21.90.221,GET,/virtualassistant.php,200,UK,AI Integration,Virtual Assistant
2025-01-06 08:09:43,168.187.142.122,GET,/contact.php,404,IN,None,Other
2025-01-02 18:35:47,210.207.156.3,GET,/scheduledemo.php,404,FR,AI Integration,Scheduled Demo
2025-02-23 09:13:52,198.56.76.218,GET,/index.html,404,DE,None,Other
2025-01-13 19:18:09,157.229.141.37,GET,/index.html,304,JP,None,Other
2025-02-10 04:59:43,117.168.120.45,GET,/scheduledemo.php,200,JP,Software Assistance,Scheduled Demo
2025-03-10 01:02:13,132.170.88.65,GET,/index.html,404,FR,None,Other
2025-03-27 14:17:50,71.27.110.93,GET,/virtualassistant.php,304,FR,Custom Development,Virtual Assistant
2025-03-06 04:55:17,116.134.216.97,GET,/prototype.php,304,BR,Custom Development,Prototyping Solution
2025-01-13 10:15:53,147.232.25.238,GET,/prototype.php,200,DE,Custom Development,Prototyping Solution
2025-03-22 20:30:35,50.65.177.222,GET,/prototype.php,304,JP,Custom Development,Prototyping Solution
2025-03-20 08:36:59,164.5.137.186,GET,/scheduledemo.php,200,DE,Custom Development,Scheduled Demo
2025-03-12 17:11:14,135.141.182.18,GET,/scheduledemo.php,200,BR,Consulting,Scheduled Demo
2025-03-10 19:24:06,124.224.138.243,GET,/prototype.php,200,IN,Consulting,Prototyping Solution
2025-03-28 21:01:51,211.144.5.55,GET,/prototype.php,200,IN,Custom Development,Prototyping Solution
2025-02-19 01:44:46,55.132.101.44,GET,/contact.php,200,BR,None,Other
2025-02-07 03:33:10,56.233.11.237,GET,/scheduledemo.php,404,JP,Consulting,Scheduled Demo
2025-03-05 20:23:49,157.49.1.72,GET,/contact.php,404,AU,None,Other
2025-02-14 05:26:41,89.236.80.84,GET,/virtualassistant.php,304,UK,Consulting,Virtual Assistant
2025-01-12 07:20:59,202.69.230.82,GET,/contact.php,200,FR,None,Other
2025-01-04 20:15:39,118.43.56.164,GET,/contact.php,200,BR,None,Other
2025-03-06 05:13:14,121.30.230.155,GET,/contact.php,404,AU,None,Other
2025-02-04 22:22:27,102.116.145.249,GET,/scheduledemo.php,304,CA,Software Assistance,Scheduled Demo
2025-02-15 01:28:19,176.135.181.92,GET,/event.php,404,JP,Consulting,Promotional Event
2025-01-16 01:44:11,86.202.108.130,GET,/index.html,304,DE,None,Other
2025-03-04 19:39:58,22.221.195.247,GET,/event.php,404,CA,Software Assistance,Promotional Event
2025-02-21 05:24:05,175.235.102.167,GET,/contact.php,200,JP,None,Other
2025-01-29 13:56:24,6.121.6.133,GET,/prototype.php,200,CN,Custom Development,Prototyping Solution
2025-01-08 05:22:51,41.133.169.138,GET,/prototype.php,404,US,Custom Development,Prototyping Solution
2025-02-26 10:32:06,149.36.132.90,GET,/virtualassistant.php,404,UK,Consulting,Virtual Assistant
2025-02-16 11:06:15,118.124.27.35,GET,/virtualassistant.php,200,FR,Consulting,Virtual Assistant
2025-02-15 03:59:06,108.187.50.39,GET,/index.html,304,FR,None,Other
2025-03-27 07:27:50,74.54.159.2,GET,/event.php,200,US,Consulting,Promotional Event
2025-01-29 07:27:05,2.253.252.29,GET,/virtualassistant.php,200,AU,Consulting,Virtual Assistant
2025-02-14 20:09:40,34.246.98.152,GET,/contact.php,304,CN,None,Other
2025-02-04 21:29:56,35.50.42.225,GET,/index.html,200,AU,None,Other
2025-03-25 11:01:32,197.220.151.55,GET,/event.php,304,CN,Consulting,Promotional Event
2025-02-09 11:52:26,185.39.67.95,GET,/scheduledemo.php,404,CN,Consulting,Scheduled Demo
2025-03-02 13:53:23,121.56.176.235,GET,/event.php,404,CN,Consulting,Promotional Event
2025-01-24 12:55:52,141.124.78.242,GET,/contact.php,404,DE,None,Other
2025-03-11 15:18:10,166.223.47.15,GET,/index.html,304,BR,None,Other
2025-02-24 01:29:34,38.34.34.156,GET,/index.html,404,IN,None,Other
2025-02-11 22:21:00,158.199.250.116,GET,/contact.php,404,UK,None,Other
2025-03-25 11:12:47,74.142.29.131,GET,/event.php,200,JP,Consulting,Promotional Event
2025-01-26 10:48:21,215.217.232.199,GET,/contact.php,304,CN,None,Other
2025-02-07 18:47:36,84.6.110.191,GET,/index.html,304,JP,None,Other
2025-01-21 05:28:59,145.126.161.63,GET,/contact.php,200,CN,None,Other
2025-01-08 12:07:51,101.206.214.51,GET,/virtualassistant.php,404,JP,Consulting,Virtual Assistant
2025-01-06 08:26:24,182.233.134.2,GET,/event.php,404,IN,AI Integration,Promotional Event
2025-03-09 19:49:50,106.211.56.227,GET,/index.html,304,IN,None,Other
2025-02-21 23:00:40,6.98.28.5,GET,/scheduledemo.php,200,IN,Consulting,Scheduled Demo
2025-02-19 14:22:39,156.233.1.81,GET,/prototype.php,304,FR,Consulting,Prototyping Solution
2025-02-08 23:14:02,196.0.130.148,GET,/contact.php,304,JP,None,Other
2025-02-15 17:45:29,52.38.222.120,GET,/contact.php,304,CA,None,Other
2025-01-03 19:26:49,143.32.172.88,GET,/event.php,200,UK,Consulting,Promotional Event
2025-01-07 15:16:08,41.135.82.232,GET,/event.php,200,UK,Software Assistance,Promotional Event
2025-03-08 23:29:21,65.32.105.164,GET,/contact.php,404,IN,None,Other
2025-03-08 06:49:00,195.140.253.186,GET,/scheduledemo.php,304,CA,Consulting,Scheduled Demo
2025-03-19 20:27:33,188.93.83.166,GET,/event.php,200,UK,Consulting,Promotional Event
2025-03-04 12:26:26,145.191.204.85,GET,/contact.php,404,CA,None,Other
2025-03-09 05:01:54,142.126.151.143,GET,/virtualassistant.php,200,CN,Software Assistance,Virtual Assistant
2025-02-21 01:58:20,103.68.209.224,GET,/prototype.php,200,IN,Custom Development,Prototyping Solution
2025-01-19 00:06:48,121.236.194.205,GET,/index.html,404,CA,None,Other
2025-01-31 14:45:05,17.127.157.182,GET,/index.html,304,IN,None,Other
2025-01-08 02:13:51,96.17.150.216,GET,/contact.php,304,UK,None,Other
2025-02-26 08:17:41,180.114.160.97,GET,/scheduledemo.php,200,CN,Software Assistance,Scheduled Demo
2025-03-19 22:42:20,77.172.146.46,GET,/virtualassistant.php,404,BR,Consulting,Virtual Assistant
2025-03-04 18:04:45,131.18.213.190,GET,/contact.php,200,BR,None,Other
2025-01-09 20:19:14,49.102.245.106,GET,/virtualassistant.php,404,IN,Software Assistance,Virtual Assistant
2025-03-27 14:36:17,66.246.215.9,GET,/index.html,304,IN,None,Other
2025-01-12 10:47:34,156.199.56.204,GET,/scheduledemo.php,304,AU,AI Integration,Scheduled Demo
2025-03-17 12:49:59,155.55.48.31,GET,/virtualassistant.php,200,UK,Custom Development,Virtual Assistant
2025-01-17 07:19:20,207.56.188.151,GET,/virtualassistant.php,404,DE,AI Integration,Virtual Assistant
2025-01-21 20:14:46,157.20.53.224,GET,/event.php,404,IN,Consulting,Promotional Event
2025-02-07 09:51:53,191.69.83.90,GET,/virtualassistant.php,200,DE,Custom Development,Virtual Assistant
2025-03-11 20:29:09,223.33.82.129,GET,/index.html,304,BR,None,Other
2025-01-19 15:08:55,73.20.198.176,GET,/scheduledemo.php,200,IN,Custom Development,Scheduled Demo
2025-01-27 18:49:19,179.170.152.208,GET,/contact.php,304,CA,None,Other
2025-02-23 00:42:11,142.80.66.63,GET,/virtualassistant.php,304,FR,Consulting,Virtual Assistant
2025-02-03 15:35:15,42.223.191.131,GET,/event.php,404,AU,Consulting,Promotional Event
2025-02-13 02:59:05,177.65.162.14,GET,/scheduledemo.php,200,CN,Custom Development,Scheduled Demo
2025-02-18 17:56:15,89.160.58.20,GET,/event.php,200,FR,Custom Development,Promotional Event
2025-01-31 04:16:37,130.179.21.122,GET,/contact.php,404,DE,None,Other
2025-02-25 04:42:53,22.5.108.36,GET,/contact.php,200,AU,None,Other
2025-02-06 03:39:17,150.164.116.28,GET,/scheduledemo.php,404,US,AI Integration,Scheduled Demo
2025-03-13 07:00:34,143.87.117.50,GET,/scheduledemo.php,304,CA,Software Assistance,Scheduled Demo
2025-03-06 03:34:55,71.181.109.207,GET,/contact.php,304,US,None,Other
2025-03-09 09:56:58,59.62.218.99,GET,/scheduledemo.php,304,BR,Custom Development,Scheduled Demo
2025-02-16 17:30:45,111.95.80.156,GET,/index.html,200,DE,None,Other
2025-02-23 16:32:43,27.14.91.13,GET,/virtualassistant.php,304,CN,Software Assistance,Virtual Assistant
2025-02-03 04:06:30,155.151.170.146,GET,/virtualassistant.php,404,CN,Software Assistance,Virtual Assistant
2025-03-10 08:21:00,149.9.234.51,GET,/scheduledemo.php,200,CA,Consulting,Scheduled Demo
2025-03-22 07:53:06,3.17.91.69,GET,/scheduledemo.php,304,IN,Software Assistance,Scheduled Demo
2025-01-16 07:47:53,80.245.155.59,GET,/contact.php,200,FR,None,Other
2025-02-17 23:01:56,188.126.92.123,GET,/contact.php,200,US,None,Other
2025-01-03 12:48:42,38.249.165.223,GET,/prototype.php,404,DE,AI Integration,Prototyping Solution
2025-02-03 23:29:09,75.170.71.213,GET,/virtualassistant.php,404,FR,Software Assistance,Virtual Assistant
2025-03-27 04:56:19,155.246.57.208,GET,/contact.php,304,UK,None,Other
2025-01-15 14:32:36,155.248.160.106,GET,/event.php,404,UK,Consulting,Promotional Event
2025-01-19 13:28:56,86.126.110.178,GET,/event.php,404,IN,AI Integration,Promotional Event
2025-02-28 03:48:06,184.53.16.40,GET,/scheduledemo.php,200,AU,Consulting,Scheduled Demo
2025-02-05 12:12:42,109.68.67.203,GET,/contact.php,200,FR,None,Other
2025-03-06 16:58:01,62.60.50.88,GET,/index.html,404,IN,None,Other
2025-03-09 12:52:23,164.210.90.229,GET,/scheduledemo.php,304,CA,Software Assistance,Scheduled Demo
2025-01-26 07:03:17,31.212.130.226,GET,/virtualassistant.php,200,US,Consulting,Virtual Assistant
2025-02-04 10:57:35,110.43.224.50,GET,/event.php,200,AU,Consulting,Promotional Event
2025-01-16 13:23:39,104.15.73.90,GET,/virtualassistant.php,404,BR,AI Integration,Virtual Assistant
2025-02-02 22:19:38,120.236.196.69,GET,/scheduledemo.php,304,IN,Software Assistance,Scheduled Demo
2025-02-12 13:42:08,27.211.61.1,GET,/prototype.php,200,UK,AI Integration,Prototyping Solution
2025-02-21 08:27:06,184.223.33.0,GET,/contact.php,304,AU,None,Other
2025-02-03 14:21:50,38.5.76.17,GET,/event.php,304,CN,Custom Development,Promotional Event
2025-01-10 16:04:25,98.230.172.180,GET,/event.php,404,DE,Software Assistance,Promotional Event
2025-03-14 15:22:16,24.131.204.161,GET,/index.html,304,AU,None,Other
2025-01-19 12:16:13,166.247.159.34,GET,/virtualassistant.php,404,US,AI Integration,Virtual Assistant
2025-01-20 05:56:34,217.163.104.196,GET,/contact.php,200,AU,None,Other
2025-02-12 03:38:16,27.139.15.25,GET,/prototype.php,304,BR,AI Integration,Prototyping Solution
2025-01-27 18:30:54,154.245.206.130,GET,/index.html,200,JP,None,Other
2025-03-07 13:58:59,119.166.220.128,GET,/scheduledemo.php,304,JP,Custom Development,Scheduled Demo
2025-01-26 07:37:51,48.250.123.167,GET,/prototype.php,304,UK,Consulting,Prototyping Solution
2025-03-16 06:27:32,90.24.109.108,GET,/index.html,200,AU,None,Other
2025-01-12 00:25:57,37.76.110.65,GET,/prototype.php,200,DE,Custom Development,Prototyping Solution
2025-02-27 18:52:53,65.162.210.197,GET,/scheduledemo.php,304,AU,Consulting,Scheduled Demo
2025-03-15 19:20:37,141.56.51.51,GET,/contact.php,200,CN,None,Other
2025-01-08 12:50:35,37.10.140.254,GET,/prototype.php,404,JP,Custom Development,Prototyping Solution
2025-01-12 06:56:05,110.85.143.244,GET,/index.html,304,IN,None,Other
2025-02-12 06:48:32,91.101.53.236,GET,/index.html,200,BR,None,Other
2025-03-13 11:16:01,104.251.21.174,GET,/event.php,200,UK,Custom Development,Promotional Event
2025-02-27 19:37:55,76.206.87.1,GET,/index.html,304,BR,None,Other
2025-03-07 03:52:13,51.184.235.191,GET,/index.html,200,FR,None,Other
2025-01-25 19:13:28,218.177.205.19,GET,/virtualassistant.php,304,FR,Custom Development,Virtual Assistant
2025-02-21 16:54:36,160.208.27.134,GET,/contact.php,404,BR,None,Other
2025-03-08 22:32:08,147.253.26.35,GET,/index.html,200,IN,None,Other
2025-01-09 18:54:39,131.228.176.44,GET,/contact.php,404,JP,None,Other
2025-03-04 02:31:36,146.250.11.35,GET,/event.php,304,DE,Custom Development,Promotional Event
2025-03-11 13:56:27,17.169.218.44,GET,/virtualassistant.php,304,DE,AI Integration,Virtual Assistant
2025-03-27 22:23:59,215.248.225.3,GET,/contact.php,404,BR,None,Other
2025-01-04 02:14:41,137.153.224.16,GET,/prototype.php,404,CN,Custom Development,Prototyping Solution
2025-01-01 03:57:30,85.65.27.190,GET,/event.php,404,US,AI Integration,Promotional Event
2025-01-02 18:07:31,56.21.79.21,GET,/prototype.php,200,JP,AI Integration,Prototyping Solution
2025-03-28 07:13:48,90.24.104.249,GET,/scheduledemo.php,404,AU,Consulting,Scheduled Demo
2025-02-23 00:38:25,173.163.0.68,GET,/event.php,200,FR,Custom Development,Promotional Event
2025-03-02 23:27:52,172.151.108.42,GET,/prototype.php,404,AU,AI Integration,Prototyping Solution
2025-01-09 20:37:11,28.210.244.147,GET,/event.php,200,UK,Consulting,Promotional Event
2025-01-18 11:49:18,69.19.40.236,GET,/scheduledemo.php,404,CN,AI Integration,Scheduled Demo
2025-03-09 21:22:17,169.78.88.211,GET,/virtualassistant.php,304,BR,Software Assistance,Virtual Assistant
2025-02-23 08:18:23,64.197.171.184,GET,/index.html,200,UK,None,Other
2025-01-10 09:33:16,74.68.224.12,GET,/virtualassistant.php,404,US,Software Assistance,Virtual Assistant
2025-01-26 18:51:42,96.65.77.171,GET,/index.html,404,US,None,Other
2025-01-28 03:05:31,129.233.175.33,GET,/contact.php,304,DE,None,Other
2025-02-01 18:36:58,69.175.166.171,GET,/contact.php,404,CN,None,Other
2025-03-15 03:48:43,80.101.102.245,GET,/prototype.php,200,CA,Custom Development,Prototyping Solution
2025-01-04 12:06:05,185.169.58.105,GET,/event.php,304,AU,AI Integration,Promotional Event
2025-03-07 08:52:16,188.69.253.102,GET,/virtualassistant.php,200,FR,Consulting,Virtual Assistant
2025-03-04 22:25:02,126.71.211.163,GET,/event.php,200,DE,Software Assistance,Promotional Event
2025-03-16 14:32:42,147.245.197.232,GET,/scheduledemo.php,304,UK,Consulting,Scheduled Demo
2025-01-15 09:20:48,39.99.20.143,GET,/contact.php,304,US,None,Other
2025-01-30 12:59:44,58.236.96.15,GET,/virtualassistant.php,304,UK,Consulting,Virtual Assistant
2025-03-30 21:39:36,141.26.132.175,GET,/event.php,304,CN,Consulting,Promotional Event
2025-01-23 10:39:32,36.56.251.127,GET,/scheduledemo.php,304,US,Consulting,Scheduled Demo
2025-03-05 22:33:28,84.211.163.93,GET,/event.php,304,IN,AI Integration,Promotional Event
2025-03-01 17:37:55,174.3.160.73,GET,/virtualassistant.php,200,FR,Software Assistance,Virtual Assistant
2025-03-21 15:39:56,145.148.32.46,GET,/virtualassistant.php,200,FR,Consulting,Virtual Assistant
2025-03-12 16:14:41,161.123.138.51,GET,/virtualassistant.php,200,IN,Custom Development,Virtual Assistant
2025-02-07 03:16:10,65.162.217.7,GET,/event.php,304,FR,Software Assistance,Promotional Event
2025-02-17 01:06:29,155.132.194.137,GET,/scheduledemo.php,404,CN,Consulting,Scheduled Demo
2025-01-27 13:29:30,51.83.236.118,GET,/event.php,404,JP,Custom Development,Promotional Event
2025-02-04 21:04:09,188.52.28.238,GET,/index.html,404,US,None,Other
2025-03-07 12:59:55,149.91.218.13,GET,/prototype.php,404,CA,Custom Development,Prototyping Solution
2025-02-10 23:52:03,16.66.23.60,GET,/scheduledemo.php,404,AU,AI Integration,Scheduled Demo
2025-03-24 00:16:50,29.151.225.236,GET,/index.html,200,CA,None,Other
2025-01-23 20:59:20,165.31.134.207,GET,/virtualassistant.php,404,CN,Consulting,Virtual Assistant
2025-03-29 00:47:38,9.206.35.154,GET,/scheduledemo.php,404,US,Custom Development,Scheduled Demo
2025-03-18 07:08:28,87.87.46.26,GET,/index.html,200,IN,None,Other
2025-03-26 09:19:15,207.92.39.80,GET,/index.html,200,IN,None,Other
2025-03-22 22:14:29,50.240.89.39,GET,/scheduledemo.php,404,CA,Consulting,Scheduled Demo
2025-02-13 12:02:47,136.75.40.3,GET,/index.html,404,CN,None,Other
2025-03-19 13:47:56,206.118.197.51,GET,/virtualassistant.php,200,CA,Consulting,Virtual Assistant
2025-01-04 21:54:00,52.79.207.169,GET,/virtualassistant.php,304,DE,Software Assistance,Virtual Assistant
2025-02-19 17:17:14,5.193.175.40,GET,/virtualassistant.php,404,CN,AI Integration,Virtual Assistant
2025-03-27 03:17:49,140.27.15.125,GET,/contact.php,304,UK,None,Other
2025-03-11 12:21:04,140.249.5.222,GET,/virtualassistant.php,304,IN,Software Assistance,Virtual Assistant
2025-02-01 20:29:19,205.188.237.245,GET,/prototype.php,304,CN,Custom Development,Prototyping Solution
2025-02-23 20:57:34,128.13.9.70,GET,/event.php,404,AU,Software Assistance,Promotional Event
2025-02-21 16:36:18,79.161.33.218,GET,/contact.php,200,JP,None,Other
2025-03-25 22:58:40,155.56.116.231,GET,/virtualassistant.php,404,BR,Consulting,Virtual Assistant
2025-02-08 14:54:19,129.232.128.251,GET,/scheduledemo.php,404,JP,AI Integration,Scheduled Demo
2025-03-14 18:25:39,78.177.70.218,GET,/contact.php,404,US,None,Other
2025-03-28 23:00:07,124.16.110.108,GET,/prototype.php,304,CN,AI Integration,Prototyping Solution
2025-02-12 18:31:13,51.199.82.8,GET,/index.html,304,FR,None,Other
2025-01-19 06:04:02,112.144.2.199,GET,/virtualassistant.php,200,AU,Consulting,Virtual Assistant
2025-01-09 12:43:59,13.137.223.224,GET,/contact.php,200,IN,None,Other
2025-02-24 15:28:12,194.40.74.204,GET,/event.php,304,FR,Software Assistance,Promotional Event
2025-01-30 10:16:10,44.250.14.253,GET,/index.html,404,IN,None,Other
2025-02-22 01:01:14,155.162.236.30,GET,/virtualassistant.php,200,UK,Custom Development,Virtual Assistant
2025-03-11 05:39:53,164.214.104.44,GET,/virtualassistant.php,404,UK,Consulting,Virtual Assistant
2025-01-26 02:56:13,70.102.198.231,GET,/event.php,304,US,Custom Development,Promotional Event
2025-03-02 04:24:04,31.29.72.191,GET,/virtualassistant.php,200,CN,Software Assistance,Virtual Assistant
2025-02-14 12:35:43,131.35.205.130,GET,/index.html,404,DE,None,Other
2025-02-20 23:33:29,44.1.159.237,GET,/scheduledemo.php,404,AU,Software Assistance,Scheduled Demo
2025-01-22 02:10:32,95.22.246.128,GET,/scheduledemo.php,304,CA,AI Integration,Scheduled Demo
2025-03-06 02:36:17,82.210.252.118,GET,/event.php,200,FR,Software Assistance,Promotional Event
2025-03-26 03:32:05,21.196.67.93,GET,/event.php,404,BR,Consulting,Promotional Event
2025-01-13 08:43:37,145.98.223.32,GET,/event.php,404,US,AI Integration,Promotional Event
2025-01-03 03:29:04,186.106.89.49,GET,/contact.php,404,UK,None,Other
2025-03-03 01:47:21,75.185.7.205,GET,/event.php,304,CN,AI Integration,Promotional Event
2025-02-20 08:27:22,106.190.252.46,GET,/contact.php,304,US,None,Other
2025-01-03 14:54:30,175.97.20.103,GET,/index.html,404,CA,None,Other
2025-03-19 03:28:44,18.229.238.167,GET,/scheduledemo.php,404,AU,Consulting,Scheduled Demo
2025-03-09 23:39:17,157.103.11.127,GET,/virtualassistant.php,304,CA,Custom Development,Virtual Assistant
2025-02-15 15:50:03,168.180.87.41,GET,/event.php,404,FR,AI Integration,Promotional Event
2025-02-15 22:25:53,42.50.153.226,GET,/contact.php,304,JP,None,Other
2025-01-25 05:37:20,10.218.237.74,GET,/contact.php,404,FR,None,Other
2025-03-24 20:17:31,19.171.210.198,GET,/event.php,304,AU,AI Integration,Promotional Event
2025-03-30 09:43:36,170.70.121.93,GET,/contact.php,404,CN,None,Other
2025-01-27 19:21:14,193.248.216.167,GET,/index.html,200,UK,None,Other
2025-03-25 21:32:44,215.120.190.153,GET,/prototype.php,304,CN,AI Integration,Prototyping Solution
2025-01-26 09:36:42,33.169.47.255,GET,/contact.php,200,FR,None,Other
2025-02-23 11:42:01,218.162.226.18,GET,/prototype.php,304,FR,AI Integration,Prototyping Solution
2025-03-11 00:39:06,108.69.138.243,GET,/scheduledemo.php,404,CN,AI Integration,Scheduled Demo
2025-01-25 05:29:01,28.191.24.249,GET,/event.php,200,AU,Consulting,Promotional Event
2025-02-25 04:18:44,156.218.19.42,GET,/virtualassistant.php,200,US,Software Assistance,Virtual Assistant
2025-02-09 01:03:14,218.236.44.221,GET,/prototype.php,200,FR,AI Integration,Prototyping Solution
2025-03-29 11:18:58,209.96.2.250,GET,/index.html,200,DE,None,Other
2025-01-10 00:38:50,166.68.201.107,GET,/index.html,404,FR,None,Other
2025-03-23 00:31:39,131.252.103.26,GET,/event.php,200,IN,Software Assistance,Promotional Event
2025-03-28 18:22:05,105.53.180.130,GET,/scheduledemo.php,200,UK,Custom Development,Scheduled Demo
2025-03-26 03:54:38,112.168.125.144,GET,/prototype.php,200,FR,Consulting,Prototyping Solution
2025-02-18 14:58:46,219.89.221.198,GET,/scheduledemo.php,404,IN,Custom Development,Scheduled Demo
2025-01-03 17:30:47,145.83.199.221,GET,/prototype.php,404,UK,Software Assistance,Prototyping Solution
2025-01-19 05:01:06,163.220.187.132,GET,/prototype.php,404,AU,Software Assistance,Prototyping Solution
2025-03-13 13:33:01,4.17.56.202,GET,/prototype.php,304,US,AI Integration,Prototyping Solution
2025-02-28 14:44:24,22.53.222.61,GET,/contact.php,404,BR,None,Other
2025-01-28 19:43:42,151.183.135.174,GET,/prototype.php,404,US,Custom Development,Prototyping Solution
2025-01-10 00:25:01,180.177.151.2,GET,/scheduledemo.php,404,CA,Software Assistance,Scheduled Demo
2025-02-23 07:21:38,152.174.119.178,GET,/event.php,404,BR,Software Assistance,Promotional Event
2025-02-07 13:47:53,1.166.233.197,GET,/scheduledemo.php,404,DE,Consulting,Scheduled Demo
2025-01-13 09:33:56,184.114.135.158,GET,/event.php,200,CN,Consulting,Promotional Event
2025-03-22 08:17:36,155.32.251.48,GET,/virtualassistant.php,404,JP,AI Integration,Virtual Assistant
2025-03-07 05:27:41,207.33.203.69,GET,/prototype.php,200,JP,Custom Development,Prototyping Solution
2025-03-04 16:14:13,42.132.92.194,GET,/index.html,404,US,None,Other
2025-02-26 09:07:14,218.72.74.35,GET,/virtualassistant.php,404,DE,Software Assistance,Virtual Assistant
2025-02-08 17:36:16,4.182.196.137,GET,/index.html,404,AU,None,Other
2025-03-17 00:05:16,170.7.47.100,GET,/contact.php,200,AU,None,Other
2025-01-29 04:10:56,185.158.68.29,GET,/event.php,304,CA,Consulting,Promotional Event
2025-01-05 11:36:14,52.183.126.95,GET,/prototype.php,200,CA,AI Integration,Prototyping Solution
2025-01-12 14:28:50,156.97.181.120,GET,/scheduledemo.php,304,US,AI Integration,Scheduled Demo
2025-01-19 21:41:21,184.237.85.191,GET,/index.html,200,AU,None,Other
2025-03-01 11:01:58,116.31.8.96,GET,/index.html,404,BR,None,Other
2025-01-03 05:57:08,142.5.169.2,GET,/scheduledemo.php,200,CA,Software Assistance,Scheduled Demo
2025-03-18 23:53:03,99.182.214.135,GET,/virtualassistant.php,404,US,Custom Development,Virtual Assistant
2025-02-28 15:13:47,151.119.194.101,GET,/contact.php,200,BR,None,Other
2025-02-23 16:47:35,70.25.85.65,GET,/virtualassistant.php,404,AU,Consulting,Virtual Assistant
2025-01-28 19:55:29,76.193.65.166,GET,/prototype.php,404,AU,AI Integration,Prototyping Solution
2025-03-20 19:25:03,69.235.211.63,GET,/index.html,304,UK,None,Other
2025-03-21 14:28:08,54.164.110.108,GET,/prototype.php,404,AU,AI Integration,Prototyping Solution
2025-03-19 06:01:50,216.186.120.65,GET,/event.php,404,DE,Consulting,Promotional Event
2025-02-15 05:45:38,104.135.155.20,GET,/scheduledemo.php,200,BR,AI Integration,Scheduled Demo
2025-03-29 15:56:34,130.162.164.57,GET,/event.php,404,IN,Custom Development,Promotional Event
2025-01-17 21:56:19,38.230.50.152,GET,/prototype.php,200,IN,Consulting,Prototyping Solution
2025-02-18 17:43:19,93.63.253.160,GET,/virtualassistant.php,304,US,Consulting,Virtual Assistant
2025-01-13 09:19:35,115.121.114.171,GET,/index.html,200,IN,None,Other
2025-02-04 23:53:56,14.112.86.12,GET,/scheduledemo.php,404,CA,Software Assistance,Scheduled Demo
2025-02-25 18:14:11,6.251.189.48,GET,/index.html,404,CN,None,Other
2025-01-04 06:16:33,164.148.144.135,GET,/event.php,404,US,AI Integration,Promotional Event
2025-01-02 12:17:41,30.230.195.95,GET,/event.php,404,CN,Software Assistance,Promotional Event
2025-02-03 00:29:56,52.103.90.18,GET,/contact.php,404,CA,None,Other
2025-01-24 05:40:01,145.67.21.122,GET,/virtualassistant.php,200,BR,Custom Development,Virtual Assistant
2025-01-02 00:38:38,215.97.170.162,GET,/virtualassistant.php,200,IN,Consulting,Virtual Assistant
2025-03-04 20:06:32,105.227.2.173,GET,/virtualassistant.php,404,CA,AI Integration,Virtual Assistant
2025-03-20 22:19:49,189.110.243.72,GET,/index.html,404,JP,None,Other
2025-03-23 08:55:55,144.149.67.237,GET,/virtualassistant.php,404,DE,AI Integration,Virtual Assistant
2025-03-13 17:29:29,122.236.63.142,GET,/contact.php,200,CN,None,Other
2025-01-02 10:06:03,16.66.76.129,GET,/virtualassistant.php,304,BR,Consulting,Virtual Assistant
2025-01-20 01:51:49,140.67.133.98,GET,/prototype.php,304,BR,AI Integration,Prototyping Solution
2025-03-13 23:07:25,104.126.236.141,GET,/virtualassistant.php,200,FR,Consulting,Virtual Assistant
2025-02-09 18:10:24,135.173.90.213,GET,/scheduledemo.php,304,US,Custom Development,Scheduled Demo
2025-01-09 22:12:09,65.9.148.124,GET,/prototype.php,404,CA,Custom Development,Prototyping Solution
2025-01-22 14:25:17,45.89.93.24,GET,/index.html,304,DE,None,Other
2025-01-16 20:51:49,73.123.46.147,GET,/prototype.php,304,US,Consulting,Prototyping Solution
2025-02-12 15:47:15,214.190.118.207,GET,/scheduledemo.php,200,JP,Consulting,Scheduled Demo
2025-02-09 08:23:24,202.48.126.246,GET,/scheduledemo.php,404,FR,Consulting,Scheduled Demo
2025-02-02 20:42:55,220.22.202.40,GET,/event.php,200,CA,AI Integration,Promotional Event
2025-01-23 19:06:53,94.94.246.143,GET,/scheduledemo.php,404,US,AI Integration,Scheduled Demo
2025-02-06 12:23:51,204.78.111.26,GET,/contact.php,200,US,None,Other
2025-01-14 00:57:18,136.120.33.132,GET,/event.php,404,CA,Consulting,Promotional Event
2025-03-02 03:13:20,12.115.206.221,GET,/event.php,404,FR,Consulting,Promotional Event
2025-01-15 10:39:52,12.127.170.73,GET,/event.php,304,IN,Software Assistance,Promotional Event
2025-03-06 06:01:48,79.167.133.74,GET,/virtualassistant.php,404,CA,Software Assistance,Virtual Assistant
2025-01-17 21:51:09,36.40.219.184,GET,/contact.php,304,BR,None,Other
2025-03-03 14:11:58,10.145.246.113,GET,/index.html,200,JP,None,Other
2025-03-07 19:34:47,17.3.54.102,GET,/event.php,304,AU,AI Integration,Promotional Event
2025-02-28 23:02:36,31.96.254.74,GET,/index.html,404,JP,None,Other
2025-02-28 17:36:04,219.31.70.223,GET,/scheduledemo.php,304,CN,AI Integration,Scheduled Demo
2025-01-12 13:25:33,10.100.197.211,GET,/scheduledemo.php,304,CA,Custom Development,Scheduled Demo
2025-01-25 02:43:26,159.217.204.44,GET,/scheduledemo.php,404,DE,Software Assistance,Scheduled Demo
2025-02-02 21:38:45,60.1.114.148,GET,/event.php,200,CN,Consulting,Promotional Event
2025-03-22 15:23:42,12.129.97.111,GET,/virtualassistant.php,304,DE,Consulting,Virtual Assistant
2025-03-01 20:36:41,65.166.157.208,GET,/prototype.php,200,CN,Custom Development,Prototyping Solution
2025-01-06 11:39:30,102.151.30.64,GET,/event.php,304,BR,Custom Development,Promotional Event
2025-03-13 21:34:03,183.19.0.236,GET,/prototype.php,200,DE,Consulting,Prototyping Solution
2025-01-10 15:17:59,30.192.227.104,GET,/scheduledemo.php,304,BR,AI Integration,Scheduled Demo
2025-03-16 16:58:34,160.119.41.191,GET,/event.php,404,IN,Consulting,Promotional Event
2025-02-16 19:57:10,146.198.28.157,GET,/contact.php,304,FR,None,Other
2025-03-08 03:09:49,193.169.34.45,GET,/index.html,304,CA,None,Other
2025-01-05 17:31:03,203.180.52.73,GET,/contact.php,200,BR,None,Other
2025-02-11 21:33:22,21.229.189.0,GET,/event.php,304,CA,AI Integration,Promotional Event
2025-01-27 11:44:05,107.24.166.110,GET,/prototype.php,304,DE,Custom Development,Prototyping Solution
2025-01-08 01:46:21,74.131.154.245,GET,/contact.php,404,BR,None,Other
2025-02-14 09:54:47,14.78.248.116,GET,/scheduledemo.php,304,BR,AI Integration,Scheduled Demo
2025-02-24 07:44:30,183.207.190.251,GET,/contact.php,304,FR,None,Other
2025-02-28 19:23:42,188.163.43.63,GET,/prototype.php,200,CA,AI Integration,Prototyping Solution
2025-02-23 06:20:12,43.125.182.150,GET,/event.php,404,CN,Consulting,Promotional Event
2025-03-26 11:24:37,108.51.134.30,GET,/scheduledemo.php,304,BR,Consulting,Scheduled Demo
2025-02-17 13:12:40,108.142.152.46,GET,/prototype.php,200,JP,Consulting,Prototyping Solution
2025-01-30 14:36:19,204.188.200.213,GET,/virtualassistant.php,404,DE,AI Integration,Virtual Assistant
2025-02-01 22:22:14,99.218.123.31,GET,/prototype.php,404,IN,Software Assistance,Prototyping Solution
2025-03-28 19:29:47,216.92.130.145,GET,/index.html,404,IN,None,Other
2025-03-26 14:07:36,141.193.136.22,GET,/prototype.php,304,UK,Consulting,Prototyping Solution
2025-01-10 04:25:47,216.117.127.105,GET,/virtualassistant.php,404,AU,Consulting,Virtual Assistant
2025-02-21 22:53:50,11.187.118.176,GET,/contact.php,200,AU,None,Other
2025-02-07 00:01:03,19.134.151.105,GET,/prototype.php,200,JP,Software Assistance,Prototyping Solution
2025-01-06 02:52:18,54.115.213.12,GET,/prototype.php,404,AU,Software Assistance,Prototyping Solution
2025-02-19 22:54:05,7.190.151.16,GET,/scheduledemo.php,200,UK,Custom Development,Scheduled Demo
2025-01-20 17:32:19,205.5.120.206,GET,/event.php,404,CA,AI Integration,Promotional Event
2025-02-10 21:56:44,42.158.100.132,GET,/contact.php,200,DE,None,Other
2025-03-21 12:42:05,202.234.23.218,GET,/event.php,404,CN,Software Assistance,Promotional Event
2025-02-07 17:27:52,175.222.239.54,GET,/virtualassistant.php,200,CA,Consulting,Virtual Assistant
2025-01-16 20:29:56,27.6.8.64,GET,/index.html,304,CA,None,Other
2025-03-12 11:13:37,89.80.51.30,GET,/virtualassistant.php,404,CN,Software Assistance,Virtual Assistant
2025-03-30 09:41:46,135.157.217.218,GET,/event.php,200,AU,Custom Development,Promotional Event
2025-03-15 12:58:26,164.205.193.234,GET,/contact.php,304,FR,None,Other
2025-02-01 16:02:33,187.135.196.28,GET,/event.php,304,US,AI Integration,Promotional Event
2025-03-10 20:58:04,94.103.56.238,GET,/index.html,404,AU,None,Other
2025-03-21 17:28:11,156.161.3.118,GET,/prototype.php,404,UK,AI Integration,Prototyping Solution
2025-01-21 15:53:31,184.45.114.75,GET,/prototype.php,200,FR,Custom Development,Prototyping Solution
2025-01-30 16:34:06,156.15.80.152,GET,/prototype.php,404,AU,Software Assistance,Prototyping Solution
2025-01-05 19:56:55,71.237.127.5,GET,/index.html,304,JP,None,Other
2025-01-22 15:26:15,151.83.37.105,GET,/contact.php,404,AU,None,Other
2025-01-06 02:02:14,50.87.229.3,GET,/scheduledemo.php,304,UK,Consulting,Scheduled Demo
2025-02-08 22:13:43,162.98.233.229,GET,/scheduledemo.php,200,IN,Software Assistance,Scheduled Demo
2025-02-25 13:45:05,153.169.76.186,GET,/index.html,404,IN,None,Other
2025-02-13 21:21:39,180.107.232.255,GET,/index.html,304,CA,None,Other
2025-02-11 14:42:20,99.226.229.132,GET,/event.php,304,AU,Consulting,Promotional Event
2025-02-24 06:50:11,199.118.51.75,GET,/virtualassistant.php,200,CA,Software Assistance,Virtual Assistant
2025-03-15 18:17:26,207.26.137.254,GET,/event.php,304,FR,AI Integration,Promotional Event
2025-03-01 13:13:38,157.239.57.202,GET,/prototype.php,200,IN,Custom Development,Prototyping Solution
2025-01-05 15:41:48,214.71.80.114,GET,/virtualassistant.php,404,UK,Software Assistance,Virtual Assistant
2025-01-29 07:44:19,203.171.251.219,GET,/event.php,304,FR,Custom Development,Promotional Event
2025-02-15 12:48:21,174.20.185.168,GET,/index.html,304,CN,None,Other
2025-03-19 06:13:39,213.214.248.22,GET,/index.html,404,JP,None,Other
2025-02-13 15:48:16,207.209.212.117,GET,/contact.php,200,FR,None,Other
2025-01-06 23:45:27,103.122.16.65,GET,/index.html,304,AU,None,Other
2025-03-10 13:35:36,29.11.2.102,GET,/virtualassistant.php,304,JP,AI Integration,Virtual Assistant
2025-03-30 04:18:19,124.221.136.172,GET,/event.php,200,AU,Software Assistance,Promotional Event
2025-01-15 06:59:59,177.200.27.73,GET,/event.php,304,UK,Consulting,Promotional Event
2025-01-22 09:14:11,28.55.139.27,GET,/index.html,404,CN,None,Other
2025-02-05 21:33:57,43.236.163.55,GET,/index.html,404,IN,None,Other
2025-02-23 20:23:17,164.73.19.101,GET,/event.php,404,UK,Consulting,Promotional Event
2025-03-02 04:40:56,109.19.37.205,GET,/event.php,404,CA,Custom Development,Promotional Event
2025-01-19 11:27:33,63.251.227.40,GET,/prototype.php,200,US,Custom Development,Prototyping Solution
2025-02-20 06:00:14,110.46.192.134,GET,/index.html,304,IN,None,Other
2025-03-23 19:35:42,162.63.233.184,GET,/index.html,304,JP,None,Other
2025-02-11 10:38:00,219.212.141.179,GET,/index.html,200,AU,None,Other
2025-02-23 09:48:37,211.13.182.203,GET,/event.php,304,CN,Software Assistance,Promotional Event
2025-03-21 19:04:36,49.152.251.130,GET,/scheduledemo.php,404,CA,Custom Development,Scheduled Demo
2025-01-03 16:07:58,137.56.250.52,GET,/event.php,304,BR,Custom Development,Promotional Event
2025-01-09 15:27:36,162.48.135.157,GET,/virtualassistant.php,404,DE,Custom Development,Virtual Assistant
2025-01-24 02:40:02,43.6.184.168,GET,/virtualassistant.php,304,UK,Consulting,Virtual Assistant
2025-02-07 09:58:59,21.152.224.116,GET,/scheduledemo.php,200,AU,Custom Development,Scheduled Demo
2025-01-22 11:01:59,40.200.80.239,GET,/scheduledemo.php,404,JP,AI Integration,Scheduled Demo
2025-02-10 21:07:51,106.57.87.168,GET,/scheduledemo.php,200,AU,Consulting,Scheduled Demo
2025-02-13 05:11:00,203.28.106.150,GET,/prototype.php,404,IN,Custom Development,Prototyping Solution
2025-01-20 10:24:44,116.207.253.49,GET,/index.html,404,JP,None,Other
2025-01-01 13:35:58,14.225.89.87,GET,/virtualassistant.php,200,FR,Consulting,Virtual Assistant
2025-01-08 12:34:21,106.120.222.136,GET,/scheduledemo.php,404,FR,Software Assistance,Scheduled Demo
2025-01-12 02:08:30,19.208.115.196,GET,/virtualassistant.php,404,FR,AI Integration,Virtual Assistant
2025-02-14 13:41:38,214.152.71.151,GET,/virtualassistant.php,200,CA,AI Integration,Virtual Assistant
2025-01-13 23:21:42,223.84.76.230,GET,/contact.php,200,IN,None,Other
2025-01-27 07:04:43,146.45.203.58,GET,/index.html,404,AU,None,Other
2025-02-04 12:31:41,54.92.63.107,GET,/scheduledemo.php,200,UK,Software Assistance,Scheduled Demo
2025-03-12 00:59:38,56.53.150.212,GET,/virtualassistant.php,200,DE,AI Integration,Virtual Assistant
2025-03-22 15:28:27,76.189.127.32,GET,/event.php,404,FR,Consulting,Promotional Event
2025-03-01 16:12:46,110.96.14.220,GET,/index.html,404,UK,None,Other
2025-03-01 05:45:49,3.131.86.85,GET,/event.php,404,IN,AI Integration,Promotional Event
2025-03-25 08:13:07,187.175.80.89,GET,/scheduledemo.php,304,JP,Software Assistance,Scheduled Demo
2025-02-28 13:02:39,206.176.181.239,GET,/virtualassistant.php,200,DE,Custom Development,Virtual Assistant
2025-01-02 12:41:54,109.60.158.225,GET,/contact.php,200,FR,None,Other
2025-02-21 11:45:32,190.183.27.146,GET,/virtualassistant.php,404,JP,Software Assistance,Virtual Assistant
2025-03-05 19:03:49,20.27.182.174,GET,/prototype.php,304,UK,Software Assistance,Prototyping Solution
2025-01-24 00:12:28,10.120.51.4,GET,/event.php,304,UK,Consulting,Promotional Event
2025-03-06 15:16:02,184.110.97.236,GET,/contact.php,404,AU,None,Other
2025-01-16 21:40:39,117.179.83.151,GET,/event.php,200,US,Custom Development,Promotional Event
2025-01-31 23:47:22,199.125.160.202,GET,/virtualassistant.php,304,DE,AI Integration,Virtual Assistant
2025-02-06 22:49:03,37.235.79.124,GET,/prototype.php,304,AU,AI Integration,Prototyping Solution
2025-01-15 04:45:28,120.58.126.113,GET,/virtualassistant.php,304,UK,AI Integration,Virtual Assistant
2025-02-08 20:32:56,49.158.222.247,GET,/event.php,304,DE,AI Integration,Promotional Event
2025-03-21 08:48:12,46.61.203.216,GET,/contact.php,304,JP,None,Other
2025-01-17 22:35:33,115.177.84.31,GET,/index.html,304,IN,None,Other
2025-03-07 19:05:26,37.25.111.54,GET,/scheduledemo.php,404,CN,Software Assistance,Scheduled Demo
2025-03-21 04:20:56,130.156.32.218,GET,/virtualassistant.php,200,AU,Consulting,Virtual Assistant
2025-03-20 09:49:17,176.209.182.116,GET,/index.html,304,CA,None,Other
2025-01-18 09:39:58,20.217.68.240,GET,/scheduledemo.php,200,CN,Custom Development,Scheduled Demo
2025-02-16 09:17:42,66.38.176.111,GET,/virtualassistant.php,304,JP,Custom Development,Virtual Assistant
2025-01-08 18:20:24,207.183.52.160,GET,/virtualassistant.php,200,AU,Consulting,Virtual Assistant
2025-03-11 01:29:46,165.93.235.117,GET,/index.html,404,BR,None,Other
2025-01-11 06:33:32,100.132.105.77,GET,/index.html,304,BR,None,Other
2025-03-18 12:35:10,92.172.66.4,GET,/prototype.php,304,JP,Consulting,Prototyping Solution
2025-01-28 13:38:48,53.222.106.194,GET,/index.html,304,CA,None,Other
2025-01-20 03:59:17,41.191.179.11,GET,/virtualassistant.php,404,BR,Software Assistance,Virtual Assistant
2025-02-26 02:29:31,35.99.20.230,GET,/scheduledemo.php,200,UK,Consulting,Scheduled Demo
2025-01-21 09:38:40,77.23.129.109,GET,/prototype.php,200,JP,Consulting,Prototyping Solution
2025-02-02 03:15:44,130.194.107.91,GET,/scheduledemo.php,404,DE,Consulting,Scheduled Demo
2025-01-03 20:30:14,130.141.198.27,GET,/virtualassistant.php,304,AU,Software Assistance,Virtual Assistant
2025-02-27 10:17:27,92.211.177.182,GET,/scheduledemo.php,304,CA,Consulting,Scheduled Demo
2025-02-27 21:27:29,194.115.215.116,GET,/scheduledemo.php,200,BR,Software Assistance,Scheduled Demo
2025-02-04 00:30:26,194.34.155.249,GET,/event.php,200,CA,AI Integration,Promotional Event
2025-01-30 11:40:22,104.84.252.129,GET,/scheduledemo.php,404,DE,Software Assistance,Scheduled Demo
2025-03-29 20:15:20,141.110.177.38,GET,/event.php,200,BR,Software Assistance,Promotional Event
2025-03-03 06:33:02,44.106.33.225,GET,/scheduledemo.php,404,AU,Software Assistance,Scheduled Demo
2025-01-30 12:28:50,165.64.111.161,GET,/scheduledemo.php,404,CA,Software Assistance,Scheduled Demo
2025-02-15 19:41:50,124.184.229.252,GET,/prototype.php,404,US,Consulting,Prototyping Solution
2025-02-16 17:20:02,169.107.38.36,GET,/scheduledemo.php,200,CN,Consulting,Scheduled Demo
2025-02-02 04:47:35,158.245.68.113,GET,/scheduledemo.php,304,JP,Software Assistance,Scheduled Demo
2025-01-02 15:36:51,98.9.229.165,GET,/index.html,404,AU,None,Other
2025-01-31 18:58:56,70.15.20.185,GET,/index.html,200,JP,None,Other
2025-03-10 10:24:56,116.181.26.77,GET,/index.html,304,FR,None,Other
2025-03-03 23:46:19,120.116.0.156,GET,/scheduledemo.php,200,FR,AI Integration,Scheduled Demo
2025-03-06 00:55:57,139.176.241.167,GET,/index.html,304,US,None,Other
2025-02-15 22:24:01,166.54.44.100,GET,/prototype.php,404,JP,AI Integration,Prototyping Solution
2025-03-06 10:39:40,110.130.252.144,GET,/prototype.php,200,JP,Custom Development,Prototyping Solution
2025-01-17 09:46:17,64.86.104.56,GET,/prototype.php,404,IN,AI Integration,Prototyping Solution
2025-01-04 05:15:15,166.140.233.132,GET,/event.php,200,JP,AI Integration,Promotional Event
2025-02-12 08:44:59,113.118.41.28,GET,/virtualassistant.php,200,BR,Custom Development,Virtual Assistant
2025-02-21 22:40:36,107.216.197.74,GET,/event.php,304,BR,Custom Development,Promotional Event
2025-02-07 02:46:54,28.119.14.98,GET,/virtualassistant.php,404,CA,Software Assistance,Virtual Assistant
2025-02-08 22:00:12,199.144.149.126,GET,/virtualassistant.php,200,CN,Consulting,Virtual Assistant
2025-02-03 08:07:57,155.253.47.182,GET,/scheduledemo.php,200,CN,Custom Development,Scheduled Demo
2025-03-10 23:21:07,11.115.55.43,GET,/scheduledemo.php,304,DE,Software Assistance,Scheduled Demo
2025-03-05 22:25:10,154.99.104.100,GET,/prototype.php,404,CN,Software Assistance,Prototyping Solution
2025-02-06 16:55:40,53.100.67.148,GET,/event.php,304,UK,Custom Development,Promotional Event
2025-01-26 07:13:00,198.196.38.152,GET,/contact.php,304,IN,None,Other
2025-01-30 07:31:30,47.19.241.66,GET,/event.php,200,BR,Software Assistance,Promotional Event
2025-02-16 18:58:28,212.10.33.223,GET,/event.php,404,JP,Software Assistance,Promotional Event
2025-01-26 15:57:59,82.232.17.102,GET,/index.html,200,FR,None,Other
2025-01-23 19:12:00,27.146.160.24,GET,/virtualassistant.php,404,IN,AI Integration,Virtual Assistant
2025-02-19 01:20:16,195.80.122.87,GET,/event.php,304,FR,Software Assistance,Promotional Event
2025-02-01 15:31:13,106.174.119.8,GET,/index.html,200,AU,None,Other
2025-01-08 06:03:20,130.150.193.26,GET,/virtualassistant.php,304,CA,Custom Development,Virtual Assistant
2025-02-12 10:53:02,199.159.115.227,GET,/scheduledemo.php,304,IN,Custom Development,Scheduled Demo
2025-01-04 17:24:56,120.243.14.94,GET,/scheduledemo.php,200,US,AI Integration,Scheduled Demo
2025-03-23 09:45:29,160.33.13.44,GET,/virtualassistant.php,304,BR,AI Integration,Virtual Assistant
2025-01-27 15:26:28,103.229.170.68,GET,/contact.php,404,US,None,Other
2025-02-01 08:25:34,91.189.247.152,GET,/prototype.php,404,US,Software Assistance,Prototyping Solution
2025-02-20 03:35:16,146.150.234.24,GET,/scheduledemo.php,200,DE,Software Assistance,Scheduled Demo
2025-01-05 23:39:16,174.185.187.111,GET,/index.html,404,FR,None,Other
2025-02-01 21:37:08,13.237.136.201,GET,/scheduledemo.php,200,CN,AI Integration,Scheduled Demo
2025-01-26 21:11:55,118.86.205.133,GET,/virtualassistant.php,404,DE,Custom Development,Virtual Assistant
2025-03-26 04:56:54,126.40.231.228,GET,/event.php,404,CN,Custom Development,Promotional Event
2025-02-26 11:20:34,78.53.170.95,GET,/scheduledemo.php,404,IN,AI Integration,Scheduled Demo
2025-01-15 07:52:38,98.145.199.180,GET,/prototype.php,404,US,Custom Development,Prototyping Solution
2025-03-17 18:07:17,102.84.53.44,GET,/virtualassistant.php,304,CA,Software Assistance,Virtual Assistant
2025-03-30 17:27:24,210.236.223.160,GET,/virtualassistant.php,200,CA,Consulting,Virtual Assistant
2025-03-03 20:40:43,174.254.161.17,GET,/prototype.php,304,IN,AI Integration,Prototyping Solution
2025-01-16 20:57:27,135.86.109.128,GET,/contact.php,304,CN,None,Other
2025-01-27 02:05:22,46.200.221.209,GET,/prototype.php,200,IN,Custom Development,Prototyping Solution
2025-01-14 06:18:13,97.167.49.122,GET,/virtualassistant.php,200,CA,AI Integration,Virtual Assistant
2025-02-19 19:58:19,70.197.51.30,GET,/index.html,200,JP,None,Other
2025-01-28 03:49:26,221.38.203.139,GET,/index.html,404,AU,None,Other
2025-02-22 20:03:41,217.249.69.163,GET,/prototype.php,200,IN,Custom Development,Prototyping Solution
2025-01-14 20:46:00,173.198.189.246,GET,/scheduledemo.php,404,JP,Custom Development,Scheduled Demo
2025-03-06 11:56:12,27.145.226.202,GET,/prototype.php,200,IN,Consulting,Prototyping Solution
2025-02-14 11:53:12,101.200.26.60,GET,/scheduledemo.php,404,FR,Software Assistance,Scheduled Demo
2025-01-15 19:11:41,137.87.50.68,GET,/scheduledemo.php,404,CN,AI Integration,Scheduled Demo
2025-01-14 21:01:22,40.64.192.244,GET,/virtualassistant.php,200,AU,Custom Development,Virtual Assistant
2025-01-03 06:46:37,212.70.195.144,GET,/event.php,404,JP,AI Integration,Promotional Event
2025-03-28 23:54:10,37.1.111.115,GET,/prototype.php,304,US,Software Assistance,Prototyping Solution
2025-02-03 13:58:44,57.74.123.223,GET,/contact.php,200,DE,None,Other
2025-02-28 03:08:12,29.147.38.204,GET,/event.php,404,JP,AI Integration,Promotional Event
2025-02-06 17:26:24,151.28.230.19,GET,/contact.php,304,CA,None,Other
2025-02-26 10:14:55,40.122.252.99,GET,/index.html,200,CA,None,Other
2025-01-28 11:19:32,6.203.42.230,GET,/scheduledemo.php,200,US,AI Integration,Scheduled Demo
2025-02-17 09:34:28,36.175.94.153,GET,/event.php,404,BR,Consulting,Promotional Event
2025-03-03 00:09:01,25.235.49.217,GET,/index.html,200,IN,None,Other
2025-01-05 13:48:07,107.230.130.218,GET,/scheduledemo.php,404,DE,Custom Development,Scheduled Demo
2025-03-21 10:21:35,182.132.216.116,GET,/event.php,404,AU,Software Assistance,Promotional Event
2025-01-29 12:59:54,12.245.147.22,GET,/contact.php,404,DE,None,Other
2025-01-02 11:01:55,32.142.254.32,GET,/virtualassistant.php,404,BR,AI Integration,Virtual Assistant
2025-03-18 23:04:28,201.228.73.124,GET,/scheduledemo.php,404,IN,Software Assistance,Scheduled Demo
2025-01-22 03:14:05,29.179.177.103,GET,/index.html,200,CA,None,Other
2025-01-12 15:27:41,44.250.58.167,GET,/event.php,200,CN,Software Assistance,Promotional Event
2025-01-13 23:02:26,69.58.95.91,GET,/virtualassistant.php,404,BR,Custom Development,Virtual Assistant
2025-01-30 03:45:24,168.57.250.232,GET,/virtualassistant.php,404,US,Consulting,Virtual Assistant
2025-01-07 03:52:00,77.226.125.95,GET,/index.html,304,DE,None,Other
2025-03-16 05:36:46,159.131.225.140,GET,/virtualassistant.php,404,CN,Software Assistance,Virtual Assistant
2025-01-13 20:56:10,162.88.145.43,GET,/scheduledemo.php,304,UK,AI Integration,Scheduled Demo
2025-02-15 23:25:30,85.52.61.235,GET,/event.php,304,BR,Custom Development,Promotional Event
2025-03-21 04:25:21,129.144.195.86,GET,/index.html,404,IN,None,Other
2025-03-08 23:14:34,180.17.223.129,GET,/scheduledemo.php,404,UK,Software Assistance,Scheduled Demo
2025-02-08 03:19:12,49.146.170.137,GET,/event.php,404,FR,AI Integration,Promotional Event
2025-03-25 17:50:33,188.89.121.46,GET,/index.html,200,AU,None,Other
2025-02-01 04:36:41,59.217.105.58,GET,/index.html,404,FR,None,Other
2025-03-20 00:57:21,121.188.238.119,GET,/event.php,404,AU,Consulting,Promotional Event
2025-01-14 23:53:58,176.116.140.182,GET,/event.php,200,BR,AI Integration,Promotional Event
2025-03-18 13:09:18,173.188.204.154,GET,/virtualassistant.php,404,CN,Software Assistance,Virtual Assistant
2025-02-21 21:56:07,22.144.6.106,GET,/prototype.php,304,DE,Software Assistance,Prototyping Solution
2025-01-07 13:26:01,207.82.16.111,GET,/contact.php,304,UK,None,Other
2025-03-23 16:59:41,8.2.253.138,GET,/contact.php,404,CN,None,Other
2025-01-20 00:13:46,145.248.209.233,GET,/event.php,404,DE,AI Integration,Promotional Event
2025-02-08 06:30:32,81.172.10.221,GET,/contact.php,404,AU,None,Other
2025-03-15 18:31:22,174.21.231.134,GET,/contact.php,304,AU,None,Other
2025-02-22 12:55:53,146.228.180.159,GET,/event.php,404,BR,Consulting,Promotional Event
2025-02-22 19:35:31,177.71.55.251,GET,/index.html,304,AU,None,Other
2025-02-23 14:45:34,11.249.58.126,GET,/index.html,200,US,None,Other
2025-03-17 01:38:30,105.70.130.52,GET,/virtualassistant.php,404,UK,Consulting,Virtual Assistant
2025-02-02 01:51:24,158.113.175.3,GET,/prototype.php,304,FR,Custom Development,Prototyping Solution
2025-01-02 22:41:33,130.158.194.252,GET,/prototype.php,404,JP,AI Integration,Prototyping Solution
2025-01-14 11:35:52,104.143.36.181,GET,/index.html,404,IN,None,Other
2025-01-05 14:45:14,183.250.6.23,GET,/index.html,200,FR,None,Other
2025-02-21 21:06:15,60.43.243.87,GET,/virtualassistant.php,404,AU,Consulting,Virtual Assistant
2025-03-20 20:16:54,200.35.199.112,GET,/prototype.php,304,FR,Custom Development,Prototyping Solution
2025-02-20 16:59:10,220.39.1.195,GET,/prototype.php,304,UK,Custom Development,Prototyping Solution
2025-03-04 10:36:39,157.86.72.203,GET,/event.php,304,UK,Custom Development,Promotional Event
2025-02-25 16:36:15,149.63.48.14,GET,/prototype.php,200,BR,Software Assistance,Prototyping Solution
2025-01-19 04:37:20,47.250.187.121,GET,/event.php,200,FR,AI Integration,Promotional Event
2025-03-24 08:38:27,37.117.182.13,GET,/prototype.php,200,US,Custom Development,Prototyping Solution
2025-03-10 20:29:14,156.210.167.47,GET,/scheduledemo.php,200,FR,Custom Development,Scheduled Demo
2025-03-10 20:50:20,57.240.209.209,GET,/virtualassistant.php,200,JP,Custom Development,Virtual Assistant
2025-02-07 13:30:11,107.230.58.241,GET,/contact.php,304,CN,None,Other
2025-02-12 13:19:39,214.219.109.212,GET,/prototype.php,404,CN,Custom Development,Prototyping Solution
2025-01-10 17:37:40,7.63.153.41,GET,/index.html,304,JP,None,Other
2025-01-30 03:21:18,70.142.123.48,GET,/scheduledemo.php,404,CN,AI Integration,Scheduled Demo
2025-01-02 10:00:48,64.243.236.148,GET,/index.html,404,CA,None,Other
2025-01-15 08:12:21,100.255.185.140,GET,/event.php,404,IN,Software Assistance,Promotional Event
2025-01-20 21:32:31,73.166.195.32,GET,/index.html,200,BR,None,Other
2025-02-08 15:01:39,143.8.159.189,GET,/contact.php,200,CA,None,Other
2025-02-24 09:30:27,110.173.57.22,GET,/contact.php,304,CA,None,Other
2025-02-14 09:23:01,209.182.112.224,GET,/index.html,304,AU,None,Other
2025-01-29 02:10:02,199.232.244.154,GET,/event.php,304,IN,Software Assistance,Promotional Event
2025-01-21 01:51:36,182.143.173.79,GET,/prototype.php,304,AU,AI Integration,Prototyping Solution
2025-03-20 08:43:00,131.80.80.29,GET,/virtualassistant.php,200,IN,Software Assistance,Virtual Assistant
2025-01-09 15:50:00,24.173.73.66,GET,/scheduledemo.php,304,IN,AI Integration,Scheduled Demo
2025-02-10 18:38:40,16.157.33.129,GET,/contact.php,200,DE,None,Other
2025-01-15 20:06:51,71.71.159.66,GET,/event.php,404,CA,Custom Development,Promotional Event
2025-02-19 06:37:10,190.155.122.240,GET,/event.php,404,JP,AI Integration,Promotional Event
2025-02-23 13:55:14,209.255.154.188,GET,/prototype.php,200,BR,Software Assistance,Prototyping Solution
2025-02-01 22:09:45,159.126.41.221,GET,/contact.php,304,CA,None,Other
2025-01-11 16:09:03,32.65.129.90,GET,/prototype.php,404,US,Software Assistance,Prototyping Solution
2025-01-31 11:13:13,19.192.195.130,GET,/event.php,200,DE,AI Integration,Promotional Event
2025-03-06 04:09:43,95.212.92.197,GET,/virtualassistant.php,304,BR,Consulting,Virtual Assistant
2025-03-16 11:13:27,131.120.22.90,GET,/event.php,200,UK,Software Assistance,Promotional Event
2025-03-02 19:58:40,202.126.116.170,GET,/scheduledemo.php,200,DE,Consulting,Scheduled Demo
2025-01-12 02:32:46,3.40.99.210,GET,/virtualassistant.php,404,DE,Software Assistance,Virtual Assistant
2025-02-28 23:50:49,187.216.137.32,GET,/scheduledemo.php,200,CA,AI Integration,Scheduled Demo
2025-01-14 05:42:18,92.31.246.183,GET,/prototype.php,404,US,Software Assistance,Prototyping Solution
2025-01-30 03:25:21,81.37.62.202,GET,/contact.php,304,AU,None,Other
2025-03-15 21:18:18,3.110.114.71,GET,/prototype.php,404,BR,Consulting,Prototyping Solution
2025-03-25 04:57:28,31.7.99.100,GET,/scheduledemo.php,404,AU,Software Assistance,Scheduled Demo
2025-01-01 03:40:24,171.188.114.90,GET,/virtualassistant.php,200,IN,Consulting,Virtual Assistant
2025-03-20 16:57:42,80.132.113.124,GET,/contact.php,200,BR,None,Other
2025-03-19 11:35:58,101.129.255.30,GET,/contact.php,404,IN,None,Other
2025-02-08 21:14:55,173.59.26.123,GET,/prototype.php,404,AU,Software Assistance,Prototyping Solution
2025-03-15 12:23:20,52.72.238.71,GET,/index.html,304,AU,None,Other
2025-03-09 12:52:04,187.59.254.117,GET,/virtualassistant.php,200,IN,AI Integration,Virtual Assistant
2025-02-12 05:12:21,147.31.89.120,GET,/event.php,304,UK,AI Integration,Promotional Event
2025-01-24 05:30:12,157.108.113.183,GET,/virtualassistant.php,200,BR,AI Integration,Virtual Assistant
2025-03-12 12:01:22,194.158.72.192,GET,/prototype.php,404,DE,AI Integration,Prototyping Solution
2025-01-02 03:53:39,109.195.169.149,GET,/contact.php,304,JP,None,Other
2025-02-06 00:21:28,183.55.65.147,GET,/virtualassistant.php,200,CN,Custom Development,Virtual Assistant
2025-02-23 00:35:28,23.131.188.95,GET,/contact.php,404,JP,None,Other
2025-01-28 18:29:15,177.166.41.192,GET,/virtualassistant.php,304,FR,Consulting,Virtual Assistant
2025-03-10 04:22:05,63.244.166.215,GET,/index.html,304,CA,None,Other
2025-01-05 04:46:42,219.164.116.39,GET,/contact.php,200,AU,None,Other
2025-03-26 01:07:45,80.105.164.215,GET,/event.php,404,JP,AI Integration,Promotional Event
2025-02-04 04:41:49,111.139.128.71,GET,/scheduledemo.php,200,CN,AI Integration,Scheduled Demo
2025-01-10 14:22:48,75.244.185.235,GET,/virtualassistant.php,304,JP,Consulting,Virtual Assistant
2025-03-01 01:29:32,24.241.97.129,GET,/virtualassistant.php,304,US,Software Assistance,Virtual Assistant
2025-03-03 09:35:03,118.133.109.88,GET,/event.php,404,CN,Software Assistance,Promotional Event
2025-02-01 05:30:40,149.216.142.210,GET,/scheduledemo.php,404,CA,AI Integration,Scheduled Demo
2025-01-20 21:45:08,24.194.212.131,GET,/index.html,404,CN,None,Other
2025-02-17 15:45:01,30.86.233.33,GET,/prototype.php,404,CA,AI Integration,Prototyping Solution
2025-03-18 18:40:18,120.219.223.46,GET,/virtualassistant.php,304,UK,Software Assistance,Virtual Assistant
2025-02-18 13:02:27,109.49.45.57,GET,/index.html,404,US,None,Other
2025-01-03 05:05:15,156.221.151.115,GET,/prototype.php,304,AU,Custom Development,Prototyping Solution
2025-02-20 16:14:52,122.7.163.222,GET,/index.html,404,CA,None,Other
2025-01-02 04:54:06,155.53.46.51,GET,/scheduledemo.php,200,FR,AI Integration,Scheduled Demo
2025-03-13 11:52:58,212.197.51.102,GET,/contact.php,304,BR,None,Other
2025-03-20 08:25:54,87.123.219.86,GET,/index.html,304,CN,None,Other
2025-01-08 04:42:11,76.92.111.212,GET,/contact.php,304,AU,None,Other
2025-01-15 18:34:59,50.81.55.1,GET,/contact.php,304,JP,None,Other
2025-02-17 10:38:06,99.57.206.56,GET,/scheduledemo.php,404,US,Software Assistance,Scheduled Demo
2025-02-09 17:00:51,180.177.160.173,GET,/scheduledemo.php,200,IN,AI Integration,Scheduled Demo
2025-03-29 18:19:31,196.105.1.147,GET,/prototype.php,304,AU,AI Integration,Prototyping Solution
2025-01-13 18:53:43,136.171.105.19,GET,/prototype.php,200,JP,Custom Development,Prototyping Solution
2025-01-12 13:40:47,199.59.199.89,GET,/scheduledemo.php,304,IN,Custom Development,Scheduled Demo
2025-02-13 23:59:39,8.51.118.202,GET,/event.php,304,UK,Custom Development,Promotional Event
2025-01-01 13:08:45,200.244.92.24,GET,/virtualassistant.php,304,CA,Custom Development,Virtual Assistant
2025-03-29 16:57:04,59.194.240.135,GET,/contact.php,304,CA,None,Other
2025-03-04 13:39:10,109.199.54.82,GET,/event.php,200,CN,Custom Development,Promotional Event
2025-01-05 18:48:01,174.185.140.250,GET,/scheduledemo.php,404,IN,Consulting,Scheduled Demo
2025-01-07 10:09:03,18.117.1.128,GET,/prototype.php,304,DE,Custom Development,Prototyping Solution
2025-01-14 06:21:15,101.119.91.132,GET,/virtualassistant.php,404,UK,Consulting,Virtual Assistant
2025-02-12 17:31:58,186.174.36.39,GET,/event.php,304,FR,Consulting,Promotional Event
2025-02-02 09:07:03,20.30.35.147,GET,/event.php,304,UK,Consulting,Promotional Event
2025-02-01 23:15:43,61.29.180.127,GET,/prototype.php,304,CN,Custom Development,Prototyping Solution
2025-02-01 06:08:27,74.27.138.80,GET,/event.php,200,IN,AI Integration,Promotional Event
2025-01-08 07:28:34,30.240.241.0,GET,/scheduledemo.php,200,US,Consulting,Scheduled Demo
2025-01-27 07:10:05,59.68.66.30,GET,/virtualassistant.php,200,BR,Consulting,Virtual Assistant
2025-03-24 06:02:01,176.69.194.109,GET,/scheduledemo.php,200,AU,Consulting,Scheduled Demo
2025-03-02 08:01:59,50.84.79.218,GET,/index.html,404,UK,None,Other
2025-03-18 17:00:52,206.101.217.230,GET,/prototype.php,200,UK,Custom Development,Prototyping Solution
2025-03-13 14:58:54,110.114.224.189,GET,/prototype.php,304,BR,Software Assistance,Prototyping Solution
2025-02-13 16:06:34,171.9.113.50,GET,/index.html,304,BR,None,Other
2025-01-08 14:58:59,106.97.174.3,GET,/contact.php,404,CN,None,Other
2025-02-05 09:45:20,35.28.189.153,GET,/index.html,200,DE,None,Other
2025-01-13 16:17:19,39.142.251.65,GET,/prototype.php,304,IN,Custom Development,Prototyping Solution
2025-02-02 20:35:51,217.143.198.55,GET,/event.php,404,AU,Consulting,Promotional Event
2025-01-05 08:02:13,212.127.230.94,GET,/event.php,304,UK,Custom Development,Promotional Event
2025-03-27 22:13:14,11.162.179.187,GET,/event.php,200,CN,Software Assistance,Promotional Event
2025-02-09 20:22:45,63.83.31.181,GET,/virtualassistant.php,200,FR,AI Integration,Virtual Assistant
2025-02-24 08:20:40,44.87.99.184,GET,/index.html,200,CA,None,Other
2025-01-16 11:31:31,65.230.173.210,GET,/scheduledemo.php,304,BR,Consulting,Scheduled Demo
2025-01-02 04:05:47,130.205.208.79,GET,/virtualassistant.php,304,AU,AI Integration,Virtual Assistant
2025-01-31 12:35:26,147.105.71.77,GET,/index.html,404,UK,None,Other
2025-02-02 22:08:06,96.150.158.59,GET,/contact.php,200,FR,None,Other
2025-02-09 08:17:01,101.22.253.106,GET,/index.html,404,CA,None,Other
2025-03-08 01:18:29,20.78.73.254,GET,/scheduledemo.php,200,DE,AI Integration,Scheduled Demo
2025-02-01 00:25:36,64.75.165.219,GET,/index.html,304,DE,None,Other
2025-03-01 18:02:11,109.59.64.129,GET,/event.php,404,AU,Custom Development,Promotional Event
2025-01-11 19:58:23,55.50.43.176,GET,/event.php,404,JP,Consulting,Promotional Event
2025-01-02 02:54:11,172.224.198.125,GET,/prototype.php,304,AU,Custom Development,Prototyping Solution
2025-03-12 16:11:24,197.6.101.230,GET,/contact.php,200,IN,None,Other
2025-01-29 11:08:43,27.151.123.188,GET,/prototype.php,304,BR,Custom Development,Prototyping Solution
2025-03-28 07:28:00,160.11.67.46,GET,/virtualassistant.php,404,CN,Software Assistance,Virtual Assistant
2025-01-17 13:47:46,117.145.151.242,GET,/scheduledemo.php,200,FR,Consulting,Scheduled Demo
2025-03-27 13:08:37,35.56.170.209,GET,/index.html,304,CA,None,Other
2025-02-11 04:16:39,131.242.210.62,GET,/scheduledemo.php,304,CA,Software Assistance,Scheduled Demo
2025-03-18 13:26:23,57.157.108.201,GET,/index.html,304,DE,None,Other
2025-03-27 17:15:24,5.76.229.65,GET,/contact.php,404,CN,None,Other
2025-01-21 09:23:49,201.82.233.83,GET,/contact.php,200,UK,None,Other
2025-01-12 18:16:18,128.135.133.38,GET,/index.html,304,BR,None,Other
2025-03-06 15:40:27,30.27.246.221,GET,/contact.php,200,IN,None,Other
2025-02-16 18:05:20,167.136.200.133,GET,/virtualassistant.php,304,CN,Software Assistance,Virtual Assistant
2025-01-30 18:15:03,180.88.233.162,GET,/virtualassistant.php,404,FR,Consulting,Virtual Assistant
2025-03-26 14:22:05,75.208.136.232,GET,/scheduledemo.php,200,UK,Software Assistance,Scheduled Demo
2025-03-08 18:00:43,79.174.251.185,GET,/prototype.php,304,JP,Software Assistance,Prototyping Solution
2025-03-15 10:45:09,187.154.174.83,GET,/scheduledemo.php,404,UK,Custom Development,Scheduled Demo
2025-03-12 04:03:20,51.109.65.69,GET,/virtualassistant.php,200,AU,AI Integration,Virtual Assistant
2025-01-25 03:18:30,111.236.114.80,GET,/scheduledemo.php,404,JP,Custom Development,Scheduled Demo
2025-03-12 08:10:08,59.17.35.223,GET,/scheduledemo.php,404,BR,Software Assistance,Scheduled Demo
2025-03-22 10:52:04,45.228.154.21,GET,/prototype.php,304,CA,Consulting,Prototyping Solution
2025-01-10 23:46:43,50.240.185.189,GET,/event.php,200,US,Custom Development,Promotional Event
2025-02-20 06:02:41,164.113.41.140,GET,/event.php,404,JP,Custom Development,Promotional Event
2025-02-07 21:27:44,23.224.250.176,GET,/virtualassistant.php,200,UK,Consulting,Virtual Assistant
2025-02-26 00:17:00,179.254.139.128,GET,/index.html,404,IN,None,Other
2025-01-28 07:00:48,48.217.179.13,GET,/index.html,200,FR,None,Other
2025-01-01 02:29:15,221.197.237.95,GET,/event.php,404,CA,Consulting,Promotional Event
2025-02-24 01:54:35,36.171.152.23,GET,/prototype.php,404,CN,AI Integration,Prototyping Solution
2025-02-09 08:40:55,55.229.47.16,GET,/contact.php,404,DE,None,Other
2025-03-27 04:53:40,89.235.9.117,GET,/scheduledemo.php,404,CN,Consulting,Scheduled Demo
2025-03-29 03:32:54,89.198.215.215,GET,/prototype.php,200,IN,Software Assistance,Prototyping Solution
2025-01-06 01:41:55,109.97.173.8,GET,/contact.php,200,CA,None,Other
2025-01-28 07:41:26,60.3.38.85,GET,/prototype.php,304,CN,Consulting,Prototyping Solution
2025-02-01 09:22:40,169.221.2.70,GET,/virtualassistant.php,304,UK,Software Assistance,Virtual Assistant
2025-01-10 22:45:25,70.142.141.48,GET,/virtualassistant.php,304,JP,Software Assistance,Virtual Assistant
2025-03-31 13:21:37,70.185.65.74,GET,/event.php,200,DE,Software Assistance,Promotional Event
2025-03-17 17:05:32,160.248.199.102,GET,/index.html,200,FR,None,Other
2025-01-15 08:39:19,48.75.104.5,GET,/event.php,304,BR,AI Integration,Promotional Event
2025-03-26 14:12:06,65.197.116.40,GET,/prototype.php,404,UK,Software Assistance,Prototyping Solution
2025-03-30 20:47:53,164.129.91.239,GET,/contact.php,304,JP,None,Other
2025-02-18 13:09:27,43.100.57.128,GET,/index.html,404,AU,None,Other
2025-03-18 04:38:51,165.205.211.189,GET,/scheduledemo.php,200,IN,Custom Development,Scheduled Demo
2025-01-03 03:58:37,26.67.94.221,GET,/event.php,304,US,Custom Development,Promotional Event
2025-02-10 20:27:01,38.249.143.223,GET,/contact.php,200,US,None,Other
2025-01-24 21:30:37,162.210.249.144,GET,/virtualassistant.php,200,UK,AI Integration,Virtual Assistant
2025-02-21 23:34:15,131.20.210.87,GET,/index.html,404,FR,None,Other
2025-02-06 23:00:13,85.45.202.175,GET,/event.php,404,JP,Consulting,Promotional Event
2025-01-28 10:16:29,43.115.198.12,GET,/index.html,304,DE,None,Other
2025-03-03 11:13:04,198.103.151.180,GET,/prototype.php,304,FR,Consulting,Prototyping Solution
2025-01-31 00:39:38,189.140.111.93,GET,/event.php,200,DE,Consulting,Promotional Event
2025-03-13 10:18:11,187.251.94.12,GET,/contact.php,404,US,None,Other
2025-01-22 14:24:26,131.128.38.204,GET,/prototype.php,404,CN,Software Assistance,Prototyping Solution
2025-02-14 00:39:30,102.176.142.114,GET,/index.html,404,CA,None,Other
2025-03-07 08:44:03,205.172.36.82,GET,/event.php,304,CA,Consulting,Promotional Event
2025-02-27 06:32:13,148.27.87.71,GET,/virtualassistant.php,404,BR,Software Assistance,Virtual Assistant
2025-03-10 10:14:49,6.22.70.154,GET,/scheduledemo.php,200,JP,AI Integration,Scheduled Demo
2025-01-28 03:16:47,204.55.52.7,GET,/prototype.php,304,US,AI Integration,Prototyping Solution
2025-03-21 05:49:18,199.148.81.138,GET,/contact.php,200,DE,None,Other
2025-02-15 15:18:55,14.149.191.145,GET,/index.html,404,CA,None,Other
2025-02-28 12:49:59,217.16.19.232,GET,/event.php,304,CN,Consulting,Promotional Event
2025-01-25 01:01:31,187.2.54.144,GET,/virtualassistant.php,200,BR,Consulting,Virtual Assistant
2025-03-12 08:49:08,46.242.238.180,GET,/index.html,200,FR,None,Other
2025-03-18 15:48:53,190.20.187.111,GET,/index.html,304,IN,None,Other
2025-01-05 07:06:31,117.180.229.62,GET,/contact.php,200,US,None,Other
2025-03-28 10:17:38,207.197.73.93,GET,/prototype.php,404,CN,Software Assistance,Prototyping Solution
2025-01-18 01:26:02,144.57.122.23,GET,/index.html,404,UK,None,Other
2025-02-19 04:11:49,77.125.93.73,GET,/index.html,404,UK,None,Other
2025-01-31 01:29:23,90.26.186.245,GET,/prototype.php,304,UK,Consulting,Prototyping Solution
2025-02-05 06:01:48,168.224.83.254,GET,/contact.php,200,AU,None,Other
2025-02-22 04:20:48,148.148.64.0,GET,/event.php,200,CN,Custom Development,Promotional Event
2025-01-29 00:50:16,107.74.183.86,GET,/event.php,404,JP,Consulting,Promotional Event
2025-03-26 04:57:56,66.109.197.108,GET,/prototype.php,304,US,Consulting,Prototyping Solution
2025-02-22 02:07:44,104.103.59.8,GET,/virtualassistant.php,200,AU,Consulting,Virtual Assistant
2025-03-24 03:25:30,164.113.121.148,GET,/virtualassistant.php,304,DE,Consulting,Virtual Assistant
2025-03-17 15:24:07,96.220.145.245,GET,/event.php,404,JP,AI Integration,Promotional Event
2025-03-16 01:29:05,121.161.68.168,GET,/virtualassistant.php,404,CA,AI Integration,Virtual Assistant
2025-03-05 23:46:05,200.72.234.88,GET,/virtualassistant.php,304,BR,Software Assistance,Virtual Assistant
2025-02-18 03:25:27,34.122.216.90,GET,/prototype.php,200,IN,Custom Development,Prototyping Solution
2025-03-24 09:07:06,96.118.143.106,GET,/scheduledemo.php,200,BR,Software Assistance,Scheduled Demo
2025-02-19 06:50:56,18.179.237.193,GET,/prototype.php,404,US,Software Assistance,Prototyping Solution
